order,date,plot,subplot,focal,fruit,seed,BEMA,CETE,CHFU,CHMI,FRPU,HOMA,LEMA,LYTR,MEEL,MESU,PAIN,PLCO,POMA,POMO,PUPA,SASO,SCLA,SPRU
363,7/05/2017,1,A1,BEMA,12,48,,,,,,16,,,,,,,,,,,,
366,7/05/2017,2,A6,BEMA,12,48,,,,,,15,,,,,,,,,,,,
369,7/05/2017,3,A6,BEMA,18,72,,,,,,6,,,,,,1,,,,,,
364,7/05/2017,1,B1,BEMA,21,84,1,,,,,22,1,,,,,,,,,,,
367,7/05/2017,2,B2,BEMA,6,24,,,,,,16,,,,,,,,,,,,
370,7/05/2017,3,B2,BEMA,12,48,,,,,,3,,,,,,,1,,,,,
371,7/05/2017,3,B4,BEMA,23,92,,,,,,11,1,,,,,,,,,,,
372,7/05/2017,3,B5,BEMA,12,48,,,,,,,,,,,,,,,,,,
379,8/05/2017,5,B5,BEMA,350,1400,,,,,,6,,,,,,,,,,,,
373,7/05/2017,3,B6,BEMA,14,56,,,,,,11,,,,,,,1,,,,,
365,7/05/2017,1,C4,BEMA,14,56,,,,,,,,,,,,,,,,,,
374,7/05/2017,3,D1,BEMA,25,100,,,,,,16,,,,,,,,,,,,
375,7/05/2017,3,D2,BEMA,60,240,,,,,,9,1,,,,,,1,,,,,
368,7/05/2017,2,D4,BEMA,6,24,,,,,,10,,,,,2,,,,,,,
376,7/05/2017,3,D4,BEMA,12,48,,,,,,3,,,,,,,2,,,,,
377,7/05/2017,3,E1,BEMA,14,56,,,,,,6,1,,,,,,1,,,,,
378,7/05/2017,3,E5,BEMA,40,160,,,,,,7,,,,,,,3,,,,,
380,8/05/2017,5,F6,BEMA,40,160,,,,,,7,1,,,,,,,,,,,
1196,29/05/2017,1,A1,CETE,14,336,,,,,,22,,,,,3,,,,1,,,
1221,29/05/2017,2,A1,CETE,30,720,,,,,,16,,,,,1,,,,,,,
1255,30/05/2017,3,A1,CETE,7,168,,4,,,,7,,,,,,,,,,3,,
1197,29/05/2017,1,A2,CETE,19,456,,,,,,19,,,,,,,,,,,,
1222,29/05/2017,2,A2,CETE,15,360,,3,,,,19,,,,,,,,,2,,,
1256,30/05/2017,3,A2,CETE,6,144,,1,,,,4,,,,,,2,,,,,,
1198,29/05/2017,1,A3,CETE,10,240,,1,,,,14,,,,,2,,,,,2,,
1223,29/05/2017,2,A3,CETE,20,480,,,,,,16,,,,,,,,,,4,,
1257,30/05/2017,3,A3,CETE,19,456,,2,,,,9,,,,,,,,,,4,,
1199,29/05/2017,1,A4,CETE,11,264,,,,,,23,,,,,4,,,,,,,
1224,29/05/2017,2,A4,CETE,12,288,,1,,,,24,,,,,,,,,1,,,
1258,30/05/2017,3,A4,CETE,4,96,,1,,,,,1,,,,,,,,,,,
1200,29/05/2017,1,A5,CETE,20,480,,6,,,,11,,,,,4,,,,,,,
1225,29/05/2017,2,A5,CETE,19,456,,1,,,,20,,,,,1,,,,3,2,,
1259,30/05/2017,3,A5,CETE,15,360,,,,,,15,,,,,,,3,,,,,
1201,29/05/2017,1,A6,CETE,12,288,,,,,,20,,,,,3,,,,,,,
1260,30/05/2017,3,A6,CETE,16,384,,,,,,11,,,,,,,,,,4,,
1226,29/05/2017,2,B1,CETE,26,624,,1,,,,24,,,,,,,2,,,,,
1202,29/05/2017,1,B2,CETE,24,576,,,,,,19,,,,,2,,,3,,,,
1227,29/05/2017,2,B2,CETE,21,504,,,,,,21,,,,,2,,,,,,,
1261,30/05/2017,3,B2,CETE,5,120,,,,,,7,,,,,,1,,,,,,
1203,29/05/2017,1,B3,CETE,14,336,,,,,,17,,,,,2,,,,,2,,
1228,29/05/2017,2,B3,CETE,14,336,,,,,,23,,,,,2,,,,,,,
1262,30/05/2017,3,B3,CETE,3,72,,,,,,3,,,,,,,,,,1,,
1229,29/05/2017,2,B4,CETE,15,360,,2,,,,21,,,,,2,,,,,,,
1263,30/05/2017,3,B4,CETE,15,360,,,,,,15,,,,,,,,,,,,
1282,30/05/2017,5,B4,CETE,5,120,,,,,,9,,,,,,,,,,,,
1204,29/05/2017,1,B5,CETE,9,216,,,,,,16,,,,,,,,1,1,1,,
1230,29/05/2017,2,B5,CETE,17,408,,1,,,,15,,,,,2,,,,,,,
1264,30/05/2017,3,B5,CETE,12,288,,,,,,11,,,,,,,4,,,,,
1283,30/05/2017,5,B5,CETE,3,72,,,,,,4,,,,,,,,,,,,
1205,29/05/2017,1,B6,CETE,11,264,,3,,,,17,,,,,,,,,1,,,
1265,30/05/2017,3,B6,CETE,5,120,,,,,,12,,,,,,,,,,2,,
1284,30/05/2017,5,B6,CETE,7,168,,1,,,,7,,,,,,,8,,,,,
1231,29/05/2017,2,C1,CETE,20,480,,3,,,,19,,,,,,,,,,,,
1266,30/05/2017,3,C1,CETE,30,720,,,,,,3,,,,,,,2,,,,,
1232,29/05/2017,2,C2,CETE,40,960,,1,,,,18,,,,,,,,,3,,,
1267,30/05/2017,3,C2,CETE,7,168,,5,,,,4,,,,,,2,,,,,,
1285,30/05/2017,5,C2,CETE,2,48,,,,,,14,,,,,,,,,,,,
1233,29/05/2017,2,C3,CETE,50,1200,,2,,,,22,,,,,,,,,,,,
1268,30/05/2017,3,C3,CETE,6,144,,,,,,3,,,,,,8,,,,,,
1286,30/05/2017,5,C3,CETE,2,48,,,,,,19,,,,,,,3,,,,,
1234,29/05/2017,2,C4,CETE,32,768,,1,,,,19,,,,,,,,,,,,
1269,30/05/2017,3,C4,CETE,9,216,,2,,,,3,,,,,,7,,,,,,
1287,30/05/2017,5,C4,CETE,5,120,,,,,,7,,,,,,,2,,,,,
1235,29/05/2017,2,C5,CETE,35,840,,,,,,9,,,,,,,,,3,,,
1270,30/05/2017,3,C5,CETE,50,1200,,3,,,,,,,,,,3,,,,,,
1288,30/05/2017,5,C5,CETE,8,192,,3,,,,14,,,,,,,,,,,,
1206,29/05/2017,1,C6,CETE,9,216,,2,,,,16,,,,,4,,,,,,,
1236,29/05/2017,2,C6,CETE,20,480,,1,,,,21,,,,,2,,,,,,,
1289,30/05/2017,5,C6,CETE,10,240,,3,,,,11,,,,,,,2,,,,,
1207,29/05/2017,1,D1,CETE,7,168,,,,,,17,,,,,2,,,,,2,,
1237,29/05/2017,2,D1,CETE,40,960,,2,,,,18,,,,,,,,,,,,
1271,30/05/2017,3,D1,CETE,12,288,,,,,,12,,,,,,,,,,2,,
1238,29/05/2017,2,D2,CETE,90,2160,,3,,,,20,,,,,,,,,,,,
1272,30/05/2017,3,D2,CETE,25,600,,,,,,3,,,,,2,,1,,,,,
1290,30/05/2017,5,D2,CETE,2,48,,2,,,,14,,,,,1,,,,,,,
1208,29/05/2017,1,D3,CETE,20,480,,1,,,,22,,,,,3,,,,1,,,
1239,29/05/2017,2,D3,CETE,30,720,,,,,,11,,,,,,2,,,,,,
1273,30/05/2017,3,D3,CETE,6,144,,3,,,,3,,,,,,3,,,,2,,
1240,29/05/2017,2,D4,CETE,19,456,,2,,,,19,,,,1,,,,,,,,
1274,30/05/2017,3,D4,CETE,12,288,1,1,,,,7,,,,,,,1,,,,,
1209,29/05/2017,1,D5,CETE,10,240,,,,,,15,,,,,1,,,,,,,
1241,29/05/2017,2,D5,CETE,25,600,,2,,,,16,,,,,,,2,,,,,
1275,30/05/2017,3,D5,CETE,25,600,,3,,,,6,,,,,,,,,,,,
1242,29/05/2017,2,D6,CETE,18,432,,30,,,,19,,,,,,,,,,,,
1210,29/05/2017,1,E1,CETE,5,120,,1,,,,14,,,,,3,,,,,,,
1243,29/05/2017,2,E1,CETE,55,1320,,2,,,,7,,,,,,2,,,,,,
1276,30/05/2017,3,E1,CETE,8,192,,1,,,,15,,,,,4,,,,2,,,
1211,29/05/2017,1,E2,CETE,6,144,,3,,,,16,,,,,4,,,,,,,
1244,29/05/2017,2,E2,CETE,20,480,,,,,,15,,,,,1,,,,,,,
1291,30/05/2017,5,E2,CETE,2,48,,1,,,,16,,,,,,,,,,,,
1212,29/05/2017,1,E3,CETE,5,120,,,,,,16,,,,,1,2,,,,,,
1245,29/05/2017,2,E3,CETE,15,360,,1,,,,20,,,,,,,,,,,,
1277,30/05/2017,3,E3,CETE,10,240,,3,,,,6,,,,,2,,,,,,,
1292,30/05/2017,5,E3,CETE,4,96,,,,,,19,,,,,,,,,,,,
1213,29/05/2017,1,E4,CETE,25,600,,,,,,9,,,,,3,,,,,,,
1246,29/05/2017,2,E4,CETE,12,288,,4,,,,7,,,,,,,,,,,,
1278,30/05/2017,3,E4,CETE,4,96,,1,,,,15,,,,,,,,,1,,,
1214,29/05/2017,1,E5,CETE,10,240,,3,,,,20,,,,,,,,,,,,
1247,29/05/2017,2,E5,CETE,32,768,,2,,,,15,,,,,3,,,,,,,
1248,29/05/2017,2,E6,CETE,40,960,,,,,,24,,,,,,,,,,,,
1279,30/05/2017,3,E6,CETE,6,144,,,,,,16,,,,,2,,,,1,,,
1293,30/05/2017,5,E6,CETE,2,48,,3,,,,11,,,,,,,,,,,,
1215,29/05/2017,1,F1,CETE,22,528,,1,,,,14,,,,,2,,,,,,2,
1249,29/05/2017,2,F1,CETE,25,600,,2,,,,19,,,,,,4,,,,,,
1216,29/05/2017,1,F2,CETE,28,672,,2,,,,13,,,,,4,,,,2,,,
1250,29/05/2017,2,F2,CETE,12,288,,,,,,15,,,,1,2,,,,,,,
1217,29/05/2017,1,F3,CETE,14,336,,1,,,,15,,,,,1,1,,,,,,
1251,29/05/2017,2,F3,CETE,35,840,,,,,,18,,,,,2,,,,,,,
1218,29/05/2017,1,F4,CETE,4,96,,3,,,,9,,,,,2,3,,,,,,
1252,29/05/2017,2,F4,CETE,25,600,,5,,,,11,,,,,,,,,,,,
1280,30/05/2017,3,F4,CETE,4,96,,,,,,14,,,,,7,,3,,1,,,
1294,30/05/2017,5,F4,CETE,12,288,,,,,,20,,,,,,,,,,,,
1219,29/05/2017,1,F5,CETE,21,504,,3,,,,8,,,,,4,2,,,,,,
1253,29/05/2017,2,F5,CETE,15,360,,2,,,,20,,,,,,,,,2,,,
1295,30/05/2017,5,F5,CETE,14,336,,2,,,,19,,,,,,,,,,,,
1220,29/05/2017,1,F6,CETE,18,432,,3,,,,9,,,,,1,4,,,,,,
1254,29/05/2017,2,F6,CETE,50,1200,,4,,,,12,,,,,,,,,3,,,
1281,30/05/2017,3,F6,CETE,16,384,,,,,,12,,,,,,,,,4,,,
1296,30/05/2017,5,F6,CETE,2,48,,,,,,16,,,,,,,,,,,,
2,5/04/2017,1,A1,CHFU,6,270,,,,,,2,,,,,,,,,,,,
139,5/04/2017,3,A1,CHFU,3,135,,,3,,,,2,,,,,,,,,3,,
72,5/04/2017,2,A2,CHFU,2,90,,,,,,,3,,,,,,,,,,,
142,5/04/2017,3,A2,CHFU,3,135,,,3,,,,1,,,,,,,,,3,,
221,3/04/2017,4,A2,CHFU,1,45,,,,,,,,,,,,,,,,,,
5,5/04/2017,1,A3,CHFU,3,135,,,,,,4,1,,,,,,1,,,,,
144,5/04/2017,3,A3,CHFU,11,495,,2,1,,,,1,,,,,,,,,,,
7,5/04/2017,1,A4,CHFU,2,90,,,1,,,,2,,,,,,,,,,,
147,5/04/2017,3,A4,CHFU,10,450,,,1,,,,1,,,,,,,,,2,,
9,5/04/2017,1,A5,CHFU,8,360,,,,,,,1,,,,,1,,,,,,
76,5/04/2017,2,A5,CHFU,2,90,,,,,,,2,,,,,,,,,,,
150,5/04/2017,3,A5,CHFU,7,315,,,1,,,,,,,,,,,,,,2,
267,3/04/2017,5,A5,CHFU,2,90,,,,,,,2,,,,,,,,,,,
153,5/04/2017,3,A6,CHFU,8,360,,,,,,,2,,,,,,,,,,,
269,3/04/2017,5,A6,CHFU,5,225,,,1,,,,1,,,,,1,,,,,,
320,3/04/2017,6,A6,CHFU,4,180,,,1,,,,,,,,,5,,,,,,
359,4/04/2017,6,A6,CHFU,5,225,,,,,,,2,,,,,1,,,,,,
360,4/04/2017,6,A6,CHFU,3,135,,,,,,,,,,,,8,,,,,,
12,5/04/2017,1,B1,CHFU,6,270,,,,,,,2,,,,,,,,,,,
155,5/04/2017,3,B1,CHFU,6,270,,,2,2,,,,,,,,,,,,,,
227,3/04/2017,4,B1,CHFU,3,135,,,,1,,,2,,,,,1,,,,,,
261,4/04/2017,4,B1,CHFU,4,180,,,1,,,,2,,,,,3,,,,,,
14,5/04/2017,1,B2,CHFU,3,135,,,,,,,1,,,,,1,,,,,,
157,5/04/2017,3,B2,CHFU,4,180,,,2,,,,1,,,,,,,,,,,
16,5/04/2017,1,B3,CHFU,3,135,,,,,,1,,,,,,,1,,,,,
82,5/04/2017,2,B3,CHFU,4,180,,,,,,5,1,,,,,,,,,,,
159,5/04/2017,3,B3,CHFU,5,225,,,,,,,3,,,,,,,,,,,
273,3/04/2017,5,B3,CHFU,2,90,,,,,,,2,,,,,1,,,,,,
324,3/04/2017,6,B3,CHFU,1,45,,,,,,,1,,,,,1,,,,,,
18,5/04/2017,1,B4,CHFU,5,225,,,,,,,,,,,,,1,,,,,
84,5/04/2017,2,B4,CHFU,5,225,,,,,,4,2,,,,,,,,,,,
161,5/04/2017,3,B4,CHFU,3,135,,,,1,,,,,,,,,,,,,,
326,3/04/2017,6,B4,CHFU,2,90,,,,,,,,,,,,4,,,,,,
20,5/04/2017,1,B5,CHFU,8,360,,,1,,,,2,,,,,,,,,,,
164,5/04/2017,3,B5,CHFU,11,495,,,2,,,,,,,,,,1,,,,,
328,3/04/2017,6,B5,CHFU,4,180,,,1,,,,,,,,,5,,,,,,2
22,5/04/2017,1,B6,CHFU,4,180,,,1,,,,1,,,,,1,,,,,,
167,5/04/2017,3,B6,CHFU,10,450,,,1,,,,1,,,,,,,,,,,
277,3/04/2017,5,B6,CHFU,1,45,,,1,,,,,,,,,,,,,,,
330,3/04/2017,6,B6,CHFU,2,90,,,1,,,,1,,,,,,1,,,,,
24,5/04/2017,1,C1,CHFU,4,180,,,,,,,1,,,,,1,1,,,,,
170,5/04/2017,3,C1,CHFU,2,90,,,1,,,,1,,,,,3,,,,,,
90,5/04/2017,2,C2,CHFU,2,90,,,,,,,2,,,,,,,,,,,
131,7/04/2017,2,C2,CHFU,3,135,,,,,,,3,,,,,,,,,,,
173,5/04/2017,3,C2,CHFU,2,90,,,1,,,,2,,,,,5,,,,,,
235,3/04/2017,4,C2,CHFU,1,45,,,,,,,1,,,,,,,,,,,
27,5/04/2017,1,C3,CHFU,4,180,,,1,,,,1,,,,,,,,,,,
175,5/04/2017,3,C3,CHFU,2,90,,,,,,,2,,,,,2,,,,,1,
237,3/04/2017,4,C3,CHFU,2,90,,,1,,,,1,,,,,1,,,,,,
29,5/04/2017,1,C4,CHFU,2,90,,,1,,,,1,,,,,1,,,,,,
178,5/04/2017,3,C4,CHFU,2,90,,,,,,,3,,,,,4,,,,,,
282,3/04/2017,5,C4,CHFU,3,135,,,,,,,1,,,,,3,,,,,,
335,3/04/2017,6,C4,CHFU,5,225,,,,,,,,,,,,2,,,,,,
31,5/04/2017,1,C5,CHFU,7,315,,,,,,,1,,,,,,2,,,,,
180,5/04/2017,3,C5,CHFU,4,180,,,,1,,,1,,,,,4,,,,,,
284,3/04/2017,5,C5,CHFU,8,360,,,,,,,,,,,,,,,,,,
33,5/04/2017,1,C6,CHFU,3,135,,,1,,,,2,,,,,,,,,,,
241,3/04/2017,4,C6,CHFU,3,135,,,,,,,,,,,,,,,,,,
286,3/04/2017,5,C6,CHFU,4,180,,,,,,,1,,,,,,,,,,,
338,3/04/2017,6,C6,CHFU,3,135,,,,,,,1,,,,,,,,,2,,
361,4/04/2017,6,C6,CHFU,3,135,,,,,,,1,,,,,2,,,,,,
362,4/04/2017,6,C6,CHFU,2,90,,,,,,,1,,,,,1,,,,,,
35,5/04/2017,1,D1,CHFU,3,135,,,,,,,1,,,,,,,,,,,
98,5/04/2017,2,D1,CHFU,4,180,,,,,,6,1,,,,,,,,,,,
37,5/04/2017,1,D2,CHFU,6,270,,,,,,,3,,,,,,,,,,,
100,5/04/2017,2,D2,CHFU,2,90,,,2,,,,2,,,,,5,,,,,,
186,5/04/2017,3,D2,CHFU,5,225,,,2,,,,2,,,,,2,,,,,,
289,3/04/2017,5,D2,CHFU,1,45,,,,,,,,,,,,,,,,,,
39,5/04/2017,1,D3,CHFU,5,225,,,,,,,2,,,,,,1,,,,,
102,5/04/2017,2,D3,CHFU,1,45,,,,,,,,,,1,,6,,,,,2,
188,5/04/2017,3,D3,CHFU,6,270,,,,,,,5,,,,,5,,,,,,
41,5/04/2017,1,D4,CHFU,5,225,,,1,,,,2,,,,,,,,,,,
190,5/04/2017,3,D4,CHFU,2,90,,,,,,,2,,,,,5,,,,,,
292,3/04/2017,5,D4,CHFU,2,90,,,,,,,,,,,,,1,,,,,
342,3/04/2017,6,D4,CHFU,3,135,,,,,,,,,,,,,,,,,,
44,5/04/2017,1,D5,CHFU,5,225,,,,,,,2,,,,,,,,,,,
192,5/04/2017,3,D5,CHFU,4,180,,,,,,,1,,,,,2,,,,,,
344,3/04/2017,6,D5,CHFU,3,135,,,1,,,,,,,,,,,,,1,,
46,5/04/2017,1,D6,CHFU,2,90,,,,,,,2,,,,,2,,,,,,
295,3/04/2017,5,D6,CHFU,1,45,,,,,,,,,,,,,,,,3,,
346,3/04/2017,6,D6,CHFU,4,180,,,,,,,,,,,,1,,,,,,
48,5/04/2017,1,E1,CHFU,3,135,,,,,,,3,,,,,,2,,,,,
108,5/04/2017,2,E1,CHFU,4,180,,,,,,5,1,,,,,,,,,,,
196,5/04/2017,3,E1,CHFU,12,540,,,,,,,1,,,,,,,,,,,
247,3/04/2017,4,E1,CHFU,1,45,,,,,,,1,,,,,,,,,,,
297,3/04/2017,5,E1,CHFU,5,225,,,,,,2,1,,,,,,,,,,,
50,5/04/2017,1,E2,CHFU,4,180,1,,1,,,,3,,,,,1,,,,,,
110,5/04/2017,2,E2,CHFU,4,180,,,,,,,3,,,1,,,,,,,,
133,7/04/2017,2,E2,CHFU,3,135,,,,,,,2,,,,,,,,,,,
199,5/04/2017,3,E2,CHFU,3,135,,,2,,,,1,,,,,5,,,,,,
249,3/04/2017,4,E2,CHFU,2,90,,,,,,,1,,,,,1,,,,,,
349,3/04/2017,6,E2,CHFU,6,270,,,,,,,,,,,,,1,,,,,
52,5/04/2017,1,E3,CHFU,3,135,,,1,,,,3,,,,,2,,,,,,
112,5/04/2017,2,E3,CHFU,6,270,,2,,,,,1,,,,,,,,,,,
201,5/04/2017,3,E3,CHFU,2,90,,,1,,,,,,,,,2,3,,,,,
54,5/04/2017,1,E4,CHFU,3,135,,,,,,,4,,,,,1,,,,,,
115,5/04/2017,2,E4,CHFU,6,270,,,,,,,1,,,,,,,,,,,
203,5/04/2017,3,E4,CHFU,5,225,,,,,,,2,,,,,2,,,,,,
301,3/04/2017,5,E4,CHFU,1,45,,,,,,,,,,,,,,,,,,
56,5/04/2017,1,E5,CHFU,3,135,,,1,,,,1,,,,,,,,,,,
205,5/04/2017,3,E5,CHFU,2,90,,,2,,,,2,,,,,,,,,,,
58,5/04/2017,1,E6,CHFU,3,135,,,,,,,3,,,,,,,,,,,
304,3/04/2017,5,E6,CHFU,1,45,,,,,,,2,,,,,,,,,,,
354,3/04/2017,6,E6,CHFU,4,180,,,,,,,1,,,,,4,,,,,,
208,5/04/2017,3,F1,CHFU,2,90,,,,,,,2,,,,,,,,,,,
61,5/04/2017,1,F2,CHFU,3,135,,,,,,,4,,,,,,,,,,,
121,5/04/2017,2,F2,CHFU,5,225,,,1,,,2,2,,,,,,,,,,,
136,7/04/2017,2,F2,CHFU,2,90,,,,,,,3,,,,,,,,,,,
63,5/04/2017,1,F3,CHFU,3,135,,,,,,,2,,,,,,,,,,,
211,5/04/2017,3,F3,CHFU,2,90,,,,,,,4,,,,,7,,,,,,
308,3/04/2017,5,F3,CHFU,1,45,,,,,,,1,,,,,,,,,,,
65,5/04/2017,1,F4,CHFU,5,225,,,,,,2,3,,,,,,,,,,,
124,5/04/2017,2,F4,CHFU,4,180,,1,,,,,2,,,,,,,,,,,
213,5/04/2017,3,F4,CHFU,4,180,,,2,,,,2,,,,,,,,,,,
310,3/04/2017,5,F4,CHFU,2,90,,,,,,,1,,,,,,,,,,,
67,5/04/2017,1,F5,CHFU,6,270,,,1,,,,3,,,,,,,,,,,
258,3/04/2017,4,F5,CHFU,1,45,,,,,,,1,,,,,,,,,,,
312,3/04/2017,5,F5,CHFU,2,90,,,,,,,,,,,,,,,,,,
69,5/04/2017,1,F6,CHFU,4,180,,,2,,,,3,,,,,,1,,,,,
260,3/04/2017,4,F6,CHFU,2,90,,,1,,,,,,,,,2,,,,,,
262,4/04/2017,4,F6,CHFU,2,90,,,1,,,,1,,,,,1,,,,,,
314,3/04/2017,5,F6,CHFU,3,135,,,,,,,1,,,,,,,,,2,,
358,3/04/2017,6,F6,CHFU,3,135,,,2,,,,,,,,,,,,,,,
389,7/05/2017,2,A1,CHMI,2,104,,,,,,9,,,,,1,,,,,,,
393,7/05/2017,3,A1,CHMI,3,156,,,,,,5,1,,,,,,,,,,,
390,7/05/2017,2,A2,CHMI,3,156,,,,,,19,,,,,,,,,,,,
394,7/05/2017,3,A2,CHMI,8,416,,,,2,,5,,,,,,3,,,,,,
395,7/05/2017,3,A3,CHMI,7,364,,,,,,,2,,,,1,,7,,,,,
396,7/05/2017,3,A4,CHMI,9,468,,,,,,7,1,,,,,,,,,,,
397,7/05/2017,3,A5,CHMI,15,780,,1,,1,,6,,,,,,,,,,,,
398,7/05/2017,3,A6,CHMI,3,156,,,,,,9,1,,,,,,,,,,,
391,7/05/2017,2,B1,CHMI,2,104,,,,,,17,,,,,,,,,,,,
399,7/05/2017,3,B1,CHMI,14,728,,,,1,,6,,,,,,,,,1,,,
392,7/05/2017,2,B2,CHMI,2,104,,,,,,14,,,,,,,,,,,,
400,7/05/2017,3,B2,CHMI,5,260,,,,,,,,,,,2,,2,,,,,
401,7/05/2017,3,B3,CHMI,4,208,,,,,,7,,,,,,,1,,,,,
402,7/05/2017,3,B4,CHMI,12,624,,,,1,,12,,,,,,,1,,,,,
403,7/05/2017,3,B5,CHMI,6,312,1,,,,,7,,,,,,,,,,,,
404,7/05/2017,3,B6,CHMI,3,156,,,,,,7,1,,,,,,1,,,,,
381,7/05/2017,1,C1,CHMI,6,312,,,,1,,7,,,,,2,,,,,,,
405,7/05/2017,3,C1,CHMI,23,1196,,,,2,,,,,,,,,2,,,,,
406,7/05/2017,3,C2,CHMI,10,520,,1,,1,,7,,,,,,,,,,,,
382,7/05/2017,1,C6,CHMI,7,364,,,,,,7,,,,,,,,,,,,
407,7/05/2017,3,D1,CHMI,18,936,,,,,,11,,,,,,,,,,,,
383,7/05/2017,1,D2,CHMI,6,312,,,,,,6,,,,,1,,,,,,,
408,7/05/2017,3,D2,CHMI,5,260,,,,1,,12,,,,,,,,,,,,
384,7/05/2017,1,D3,CHMI,3,156,,,,,,15,,,,,,,,,,,,
385,7/05/2017,1,D4,CHMI,4,208,,,,,,12,,,,,,,,2,,,,
386,7/05/2017,1,D5,CHMI,5,260,,,,,,15,,,,,2,,,,,,,
387,7/05/2017,1,E1,CHMI,1,52,,,,,,9,2,,,,,,,,,,,
388,7/05/2017,1,F1,CHMI,2,104,,,,,,14,,,,,,,,,,,,
409,7/05/2017,3,F4,CHMI,4,208,,,,,,12,,,,,,,,,2,,,
499,7/05/2017,1,A1,HOMA,1,12,,1,,,,24,,,,,3,,,,,,,
535,7/05/2017,2,A1,HOMA,2,24,,,,,,22,,,,,,,1,,,,,
571,7/05/2017,3,A1,HOMA,3,36,,,,,,14,1,,,,,,,,,,,
607,8/05/2017,4,A1,HOMA,1,12,,,,,,24,,,,,,1,6,,,,,
643,8/05/2017,5,A1,HOMA,2,24,,,,,,21,,,,,,,,,,,,
679,8/05/2017,6,A1,HOMA,4,48,,,,,,7,,,,,,4,4,,,,,
500,7/05/2017,1,A2,HOMA,2,24,,2,,,,20,,,,,,,,,,,,
536,7/05/2017,2,A2,HOMA,1,12,,2,,,,20,,,,,3,,,,,,,
572,7/05/2017,3,A2,HOMA,5,60,,,,,,6,1,,,,,,2,,,,,
608,8/05/2017,4,A2,HOMA,1,12,,,,,,26,,,,,,,2,,,,,
644,8/05/2017,5,A2,HOMA,1,12,,,,,,19,,,,,,,1,,,,,
680,8/05/2017,6,A2,HOMA,1,12,,,,,,4,,,,,,,5,,,,,
501,7/05/2017,1,A3,HOMA,1,12,,,,,,19,,,,,2,,,,,,,
537,7/05/2017,2,A3,HOMA,1,12,,1,,,,25,,,,,,,,,,,,
573,7/05/2017,3,A3,HOMA,1,12,,,,2,,,1,,,,,,,,,,,
609,8/05/2017,4,A3,HOMA,2,24,,,,,,21,,,,,,,2,,,,,
645,8/05/2017,5,A3,HOMA,1,12,,,,,,22,,,,,,,,,,,,
681,8/05/2017,6,A3,HOMA,1,12,,,,,,14,,,,,,4,,,,,,1
502,7/05/2017,1,A4,HOMA,1,12,,,,,,22,,,,,4,,,,,,,
538,7/05/2017,2,A4,HOMA,1,12,,,,,,20,,,,,3,,,,,,,
574,7/05/2017,3,A4,HOMA,4,48,,,,1,,15,,,,,,,,,,,,
610,8/05/2017,4,A4,HOMA,1,12,,,,,,22,,,,,,,,,,,,
646,8/05/2017,5,A4,HOMA,2,24,,,,,,24,,,,,,,1,,,,,
682,8/05/2017,6,A4,HOMA,1,12,,,,,,3,,,,,,8,,,,,,
503,7/05/2017,1,A5,HOMA,2,24,,2,,,,17,,,,,5,,,,,,,
539,7/05/2017,2,A5,HOMA,1,12,,1,,,,13,,,,,1,,,,2,,,
575,7/05/2017,3,A5,HOMA,3,36,,,,1,,3,,,,,,,3,,,,,
611,8/05/2017,4,A5,HOMA,1,12,,,,,,19,,,,,,,1,,,,,
647,8/05/2017,5,A5,HOMA,1,12,,,,,,11,2,,,,,,2,,1,,,
683,8/05/2017,6,A5,HOMA,1,12,,,,,,11,,,,,,6,,,,,,
504,7/05/2017,1,A6,HOMA,1,12,,1,,,,19,,,,,2,,,,,,,
540,7/05/2017,2,A6,HOMA,2,24,,,,,,24,,,,,3,,,,,,,
576,7/05/2017,3,A6,HOMA,4,48,,,,,,7,1,,,,,,,,,,,
612,8/05/2017,4,A6,HOMA,1,12,,,,,,24,,,,,,,4,,,,,
648,8/05/2017,5,A6,HOMA,2,24,,,,,,7,,,,,,1,2,,2,,,
684,8/05/2017,6,A6,HOMA,2,24,,,,,,15,,,,,3,1,,,,,,
505,7/05/2017,1,B1,HOMA,1,12,,,,,,25,2,,,,,,,,1,,,
541,7/05/2017,2,B1,HOMA,1,12,,,,,,23,,,,,1,,1,,,,,
577,7/05/2017,3,B1,HOMA,5,60,,,,1,,9,,,,,,,,,,,,
613,8/05/2017,4,B1,HOMA,2,24,,,,,,26,,,,,,,2,,,,,
649,8/05/2017,5,B1,HOMA,1,12,,,,,,22,,,,,,,,,,,,
685,8/05/2017,6,B1,HOMA,2,24,,,,,,6,,,,,,5,,,,,,
506,7/05/2017,1,B2,HOMA,2,24,,,,,,23,1,,,,,,,,,,,
542,7/05/2017,2,B2,HOMA,1,12,,,,,,18,,,,,3,,,,,,,
578,7/05/2017,3,B2,HOMA,1,12,,,,,,6,1,,,,,,1,,,,,
614,8/05/2017,4,B2,HOMA,2,24,,,,,,22,,,,,1,,1,,,,,
650,8/05/2017,5,B2,HOMA,1,12,,,,,,24,,,,,,,2,,,,,
686,8/05/2017,6,B2,HOMA,1,12,,,,,,14,,,,,,,1,,,,,
507,7/05/2017,1,B3,HOMA,1,12,,3,,,,19,,,,,,,,,,,,
543,7/05/2017,2,B3,HOMA,1,12,,1,,,,23,,,,,2,,,,,,,
579,7/05/2017,3,B3,HOMA,1,12,,,,,,9,,,,,,,6,,,,,
615,8/05/2017,4,B3,HOMA,2,24,,,,,,17,,,,,,,3,,,,,
651,8/05/2017,5,B3,HOMA,1,12,,,,,,19,,,,,,,2,,,,,
687,8/05/2017,6,B3,HOMA,1,12,,,,,,12,1,,,,,3,4,,,,,
508,7/05/2017,1,B4,HOMA,2,24,,,,,,25,1,,,,1,,,,,,,
544,7/05/2017,2,B4,HOMA,3,36,,2,,,,21,,,,,,,,,,,,
580,7/05/2017,3,B4,HOMA,1,12,,,,,,9,1,,,,,,,,,,,
616,8/05/2017,4,B4,HOMA,1,12,,,,,,23,,,,,,,1,,,,,
652,8/05/2017,5,B4,HOMA,1,12,,,,,,17,2,,,,,,1,,,,,
688,8/05/2017,6,B4,HOMA,1,12,,,,,,16,,,,,,,1,,,,,
509,7/05/2017,1,B5,HOMA,1,12,,,,,,27,,,,,3,,,,,,,
545,7/05/2017,2,B5,HOMA,1,12,,,,,,24,,,,,4,,,,,,,
581,7/05/2017,3,B5,HOMA,1,12,,,,1,,8,,,,,,,2,,,,,
617,8/05/2017,4,B5,HOMA,1,12,,,,,,22,,,,,,,3,,,,,
653,8/05/2017,5,B5,HOMA,2,24,,,,,,11,1,,,,,,3,,,,,
689,8/05/2017,6,B5,HOMA,2,24,,,,,,7,,,,,,2,1,,,,,2
510,7/05/2017,1,B6,HOMA,1,12,,2,,,,22,1,,,,,,,,,,,
546,7/05/2017,2,B6,HOMA,1,12,,,,,,26,,,,,2,,,,,,,
582,7/05/2017,3,B6,HOMA,8,96,,,,,,12,,,,,,,,,,,,
618,8/05/2017,4,B6,HOMA,1,12,,,,,,19,,,,,,,1,,,,,
654,8/05/2017,5,B6,HOMA,1,12,,,,,,16,,,,,,,3,,2,,,
690,8/05/2017,6,B6,HOMA,1,12,,,,,,17,1,,,,,,2,,,,,
511,7/05/2017,1,C1,HOMA,1,12,,,,,,21,,,,,3,,,,,,,
547,7/05/2017,2,C1,HOMA,2,24,,2,,,,19,,,,1,,,,,,,,
583,7/05/2017,3,C1,HOMA,1,12,,,,,,,,,,,,,,,,,,
619,8/05/2017,4,C1,HOMA,1,12,,,,,,24,,,,,,,4,,,,,
655,8/05/2017,5,C1,HOMA,1,12,,,,,,22,,,,,,,1,,,,,
691,8/05/2017,6,C1,HOMA,3,36,,,,,,17,,,,,,4,,,,,,
512,7/05/2017,1,C2,HOMA,1,12,,,,,,25,,,,,,,,,2,,,
548,7/05/2017,2,C2,HOMA,1,12,,1,,,,22,,,,,,,,,2,,,
584,7/05/2017,3,C2,HOMA,6,72,,,,1,,12,,,,,,,,,,,,
620,8/05/2017,4,C2,HOMA,3,36,,,,,,17,,,,,,,6,1,,,,
656,8/05/2017,5,C2,HOMA,1,12,,,,,,24,,,,,,1,,,,,,
692,8/05/2017,6,C2,HOMA,1,12,,,,,,5,1,,,,,,,,,,,2
513,7/05/2017,1,C3,HOMA,2,24,,,,,,22,1,,,,3,,,,,,,
549,7/05/2017,2,C3,HOMA,1,12,,1,,,,26,,,,,1,,,,,,,
585,7/05/2017,3,C3,HOMA,1,12,,,,,,4,1,,,,1,,,,,,,
621,8/05/2017,4,C3,HOMA,1,12,,,,,,16,,,,,2,,2,,,,,
657,8/05/2017,5,C3,HOMA,4,48,,,,,,19,,,,,,,1,,,,,
693,8/05/2017,6,C3,HOMA,2,24,,,,,,15,,1,,,2,,,,,,,
514,7/05/2017,1,C4,HOMA,1,12,,,,,,12,,,,,,,1,,,,,
550,7/05/2017,2,C4,HOMA,1,12,,3,,,,16,,,,,3,,,,,,,
586,7/05/2017,3,C4,HOMA,3,36,,,,,,7,2,,,,1,,,,,,,
622,8/05/2017,4,C4,HOMA,1,12,,,,,,14,,,,,,,3,,,,,
658,8/05/2017,5,C4,HOMA,1,12,,,,,,7,2,,,,,,,,,,,
694,8/05/2017,6,C4,HOMA,1,12,,,,,,19,,,,,,,1,,,,,
515,7/05/2017,1,C5,HOMA,1,12,,,,,,14,,,,,4,,,,,,,
551,7/05/2017,2,C5,HOMA,2,24,,2,,,,15,,,,,2,,,,2,,,
587,7/05/2017,3,C5,HOMA,1,12,,1,,,,2,,,,,1,1,,,,,,
623,8/05/2017,4,C5,HOMA,1,12,,,,,,12,,,,,,,5,,,,,
659,8/05/2017,5,C5,HOMA,1,12,,,,,,11,,,,,,,2,,,,,1
695,8/05/2017,6,C5,HOMA,2,24,,,,,1,10,2,,,,,,2,,,,,
516,7/05/2017,1,C6,HOMA,2,24,,,,,,14,,,,,2,,,,1,,,
552,7/05/2017,2,C6,HOMA,1,12,,,,,,22,,,,,3,,,,,,,
588,7/05/2017,3,C6,HOMA,1,12,,,,,,19,,,,,,,,,,,,
624,8/05/2017,4,C6,HOMA,2,24,,,,,,17,,,,,,,2,,,,,
660,8/05/2017,5,C6,HOMA,1,12,,,,,,16,1,,,,,,3,,1,,,
696,8/05/2017,6,C6,HOMA,1,12,,,,,,11,,,,,,2,2,,,,,
517,7/05/2017,1,D1,HOMA,1,12,,,,,,25,,,,,2,,,,,,,
553,7/05/2017,2,D1,HOMA,1,12,,1,,,,15,,,,,3,,,,,,,
589,7/05/2017,3,D1,HOMA,3,36,,,,1,,15,,,,,,,,,,,,
625,8/05/2017,4,D1,HOMA,1,12,,,,,,19,,,,,,,2,,,,,
661,8/05/2017,5,D1,HOMA,1,12,,,,,,23,,,,,,,1,,,,,
697,8/05/2017,6,D1,HOMA,2,24,,,,,,20,,,,,,,1,,,,,
518,7/05/2017,1,D2,HOMA,2,24,,,,,,21,,,,,4,,,,,,,
554,7/05/2017,2,D2,HOMA,1,12,,,,,,12,,,,,4,,,,1,,,
590,7/05/2017,3,D2,HOMA,2,24,,,,,,,,,,,,,5,,,,,
626,8/05/2017,4,D2,HOMA,1,12,,,,,,14,,,,,1,,4,,,,,
662,8/05/2017,5,D2,HOMA,2,24,,,,,,22,,,,,,,,,,,,
698,8/05/2017,6,D2,HOMA,2,24,,,,,,21,,,,,,,2,,,,,
519,7/05/2017,1,D3,HOMA,1,12,,,,,,20,1,,,,1,,,,,,,
555,7/05/2017,2,D3,HOMA,2,24,,2,,,,16,,,,,2,,,,,,,
591,7/05/2017,3,D3,HOMA,4,48,,,,,,8,,,,1,,,,,,,,
627,8/05/2017,4,D3,HOMA,1,12,,,,,,19,,,,,,,3,,,,,
663,8/05/2017,5,D3,HOMA,1,12,,,,,,17,,,,,,,2,,,,,
699,8/05/2017,6,D3,HOMA,1,12,,,,,,17,,,,,,,2,,,,,
520,7/05/2017,1,D4,HOMA,1,12,,,,,,22,1,,,,,,,,,,,
556,7/05/2017,2,D4,HOMA,1,12,,1,,,,15,,,,,,,,,1,,,
592,7/05/2017,3,D4,HOMA,1,12,,,,,,3,,,,,,,5,,,,,
628,8/05/2017,4,D4,HOMA,2,24,,,,,,22,,,,,,,3,,,,,
664,8/05/2017,5,D4,HOMA,2,24,,,,,,15,,,,,,1,3,,,,,
700,8/05/2017,6,D4,HOMA,1,12,,,,,,14,,,,,,,2,,,,,
521,7/05/2017,1,D5,HOMA,1,12,,2,,,,18,1,,,,1,,,,,,,
557,7/05/2017,2,D5,HOMA,1,12,,,,,,20,,,,,,,,,1,,,
593,7/05/2017,3,D5,HOMA,1,12,,,,,,14,2,,,,,,,,,,,
629,8/05/2017,4,D5,HOMA,1,12,,,,,,16,,,,,,,5,,,,,
665,8/05/2017,5,D5,HOMA,1,12,,,,,,12,1,,,,,,1,,,,,
701,8/05/2017,6,D5,HOMA,2,24,,,,,,19,,,,,,2,1,,,,,
522,7/05/2017,1,D6,HOMA,1,12,,,,,,26,,,,,2,,,,,,,
558,7/05/2017,2,D6,HOMA,1,12,,,,,,26,,,,,3,,,,,,,
594,7/05/2017,3,D6,HOMA,1,12,,,,,,16,1,,,,,,,,,,,
630,8/05/2017,4,D6,HOMA,2,24,,,,,,19,,,,,,,2,,,,,
666,8/05/2017,5,D6,HOMA,1,12,,,,,,19,,,,,,,1,,,,,
702,8/05/2017,6,D6,HOMA,1,12,,,,,,11,,,,,,4,2,,,,,
523,7/05/2017,1,E1,HOMA,2,24,,1,,,,17,,,,,4,,,,,,,
559,7/05/2017,2,E1,HOMA,1,12,,3,,,,16,,,,,,,,,,,,
595,7/05/2017,3,E1,HOMA,2,24,,,,,,11,,,,,,,,,2,,,
631,8/05/2017,4,E1,HOMA,1,12,,,,,,21,,,,,,,2,,,,,
667,8/05/2017,5,E1,HOMA,1,12,,,,,,24,,,,,,,1,,,,,
703,8/05/2017,6,E1,HOMA,1,12,,,,,,16,,,,,,5,1,,,,,
524,7/05/2017,1,E2,HOMA,1,12,,1,,,,21,,,,,5,,,,,,,
560,7/05/2017,2,E2,HOMA,2,24,,2,,,,14,,,,,2,,,,,,,
596,7/05/2017,3,E2,HOMA,2,24,,,,,,15,,,,,,,,,2,,,
632,8/05/2017,4,E2,HOMA,3,36,,,,,,17,,,,,,,1,,,,,
668,8/05/2017,5,E2,HOMA,2,24,,,,,,25,,,,,,,2,,,,,
704,8/05/2017,6,E2,HOMA,1,12,,,,,,8,,,,,1,3,2,,,,,
525,7/05/2017,1,E3,HOMA,1,12,,,,,,9,2,,,,7,,,,,,,
561,7/05/2017,2,E3,HOMA,2,24,,,,,,22,,,,1,,,,,,,,
597,7/05/2017,3,E3,HOMA,2,24,,,,,,12,,,,,,,1,,,,,
633,8/05/2017,4,E3,HOMA,1,12,,,,,,18,,,,,,,3,,,,,
669,8/05/2017,5,E3,HOMA,1,12,,,,,,27,,,,,,,1,,,,,
705,8/05/2017,6,E3,HOMA,2,24,,,,,,15,,2,,,,,3,,,,,
526,7/05/2017,1,E4,HOMA,2,24,,,,,,14,2,,,,4,,,,,,,
562,7/05/2017,2,E4,HOMA,1,12,,2,,,,19,,,,2,,,,,,,,
598,7/05/2017,3,E4,HOMA,2,24,,,,,,22,,,,,2,,,,,,,
634,8/05/2017,4,E4,HOMA,1,12,,,,,,19,,,,,,,4,,,,,
670,8/05/2017,5,E4,HOMA,2,24,,,,,,21,,,,,,,,,,,,
706,8/05/2017,6,E4,HOMA,1,12,,,,,,18,,,,,,,1,,,,,
527,7/05/2017,1,E5,HOMA,1,12,,1,,,,20,1,,,,4,,,,,,,
563,7/05/2017,2,E5,HOMA,1,12,,1,,,,26,,,,,,,,,,,,
599,7/05/2017,3,E5,HOMA,1,12,,,,,,14,,,,,2,,3,,,,,
635,8/05/2017,4,E5,HOMA,1,12,,,,,,15,,,,,,,3,,,,,
671,8/05/2017,5,E5,HOMA,1,12,,,,,,20,,,,,,,,,,,,
707,8/05/2017,6,E5,HOMA,2,24,,,,,,17,,,,,,,4,,,,,
528,7/05/2017,1,E6,HOMA,2,24,,,,,,14,1,,,,,,,,1,,,
564,7/05/2017,2,E6,HOMA,1,12,,2,,,,14,,,,,,,,,,,,
600,7/05/2017,3,E6,HOMA,1,12,,,,,,19,,,,,5,,,,,,,
636,8/05/2017,4,E6,HOMA,1,12,,,,,,21,,,,,,,1,,,,,
672,8/05/2017,5,E6,HOMA,1,12,,,,,,19,1,,,,,,3,,,,,
708,8/05/2017,6,E6,HOMA,1,12,,,,,,16,3,,,,,,2,,,,,
529,7/05/2017,1,F1,HOMA,1,12,,,,,,17,,,,,3,,,,,,,
565,7/05/2017,2,F1,HOMA,3,36,,2,,,,14,,,,1,2,,,,,,,
601,7/05/2017,3,F1,HOMA,1,12,,,,,,17,,,,,2,,,,3,,,
637,8/05/2017,4,F1,HOMA,2,24,,,,,,16,,,,,,3,,,1,,,
673,8/05/2017,5,F1,HOMA,1,12,,,,,,22,,,,,,,1,,,,,
709,8/05/2017,6,F1,HOMA,1,12,,,,,,17,,,,,,,1,,,,,
530,7/05/2017,1,F2,HOMA,1,12,,,,,,24,,,,,2,,,,,,,
566,7/05/2017,2,F2,HOMA,1,12,,,,,,16,,,,2,3,,,,,,,
602,7/05/2017,3,F2,HOMA,1,12,,,,,,22,,,,,3,,,,,,,
638,8/05/2017,4,F2,HOMA,1,12,,,,,,19,,,,,,,2,,,,,
674,8/05/2017,5,F2,HOMA,1,12,,,,,,26,,,,,,,,,,,,
710,8/05/2017,6,F2,HOMA,1,12,,,,,,16,,,,,,,1,,,,,
531,7/05/2017,1,F3,HOMA,1,12,,,,,,17,,,,,3,,,,,,,
567,7/05/2017,2,F3,HOMA,1,12,,1,,,,24,,,,,2,,,,,,,
603,7/05/2017,3,F3,HOMA,3,36,,,,,,21,,,,,,,,,4,,,
639,8/05/2017,4,F3,HOMA,1,12,,,,,,18,,,,,,,2,,,,,
675,8/05/2017,5,F3,HOMA,2,24,,,,,,28,,,,,,2,2,,,,,
711,8/05/2017,6,F3,HOMA,5,60,,,,,,24,,,,,,,2,,,,,
532,7/05/2017,1,F4,HOMA,4,48,,2,,,,26,,,,,3,,,,,,,
568,7/05/2017,2,F4,HOMA,1,12,,3,,,,22,,,,,,,,,,,,
604,7/05/2017,3,F4,HOMA,1,12,,1,,,,23,,,,,,,,,,,,
640,8/05/2017,4,F4,HOMA,2,24,,,,,,23,,,,,,,1,,,,,
676,8/05/2017,5,F4,HOMA,1,12,,,,,,26,1,,,,,,,,,,,
712,8/05/2017,6,F4,HOMA,1,12,,,,,,19,,,,,,,3,,,,,
533,7/05/2017,1,F5,HOMA,1,12,,,,,,5,1,,,1,2,,,,,,,
569,7/05/2017,2,F5,HOMA,1,12,,2,,,,23,,,,,1,,,,,,,
605,7/05/2017,3,F5,HOMA,1,12,,,,,,21,,,,,,,2,,2,,,
641,8/05/2017,4,F5,HOMA,1,12,,,,,,26,,,,,,,1,,,,,
677,8/05/2017,5,F5,HOMA,1,12,,,,,,25,,,,,,,2,,,,,
713,8/05/2017,6,F5,HOMA,1,12,,,,,,16,,,,,,,2,,,,,
534,7/05/2017,1,F6,HOMA,1,12,,1,,,,8,,,,,,,2,,,,,
570,7/05/2017,2,F6,HOMA,1,12,,4,,,,12,,,,,,,,,,,,
606,7/05/2017,3,F6,HOMA,1,12,,,,,,23,,,,,,,,,3,,,
642,8/05/2017,4,F6,HOMA,1,12,,,,,,14,,,,,,,2,,1,,,
678,8/05/2017,5,F6,HOMA,1,12,,,,,,20,2,,,,,,2,,,,,
714,8/05/2017,6,F6,HOMA,5,60,,,,,,14,,,,,,,1,,,,,3
1,5/04/2017,1,A1,LEMA,4,144,,,,,,1,,,,,,,2,,,,,
70,5/04/2017,2,A1,LEMA,3,108,,,,,,,2,,,,,,,,,,,
138,5/04/2017,3,A1,LEMA,3,108,,,2,,,,2,,,,,,,,,10,,
219,3/04/2017,4,A1,LEMA,1,36,,,,,,,,,,,,,,,,,,
263,3/04/2017,5,A1,LEMA,1,36,,,,,,,,,,,,,,,,,,
3,5/04/2017,1,A2,LEMA,4,144,,2,,,,3,,,,,,,,,,,,
71,5/04/2017,2,A2,LEMA,2,72,,,,,,,,,,,,,2,,,,,
141,5/04/2017,3,A2,LEMA,5,180,,,1,,,,2,,,,,5,,,1,,,
220,3/04/2017,4,A2,LEMA,2,72,,,,,,,1,,,,,,,,,,,
315,3/04/2017,6,A2,LEMA,1,36,,,,,,,2,,,,,7,,,,,,
4,5/04/2017,1,A3,LEMA,3,108,,,,,,3,1,,,,,,,,,,,
73,5/04/2017,2,A3,LEMA,2,72,,,,,,,1,,,,,,,,,,,
143,5/04/2017,3,A3,LEMA,4,144,,,2,6,,,,,,,,,,,,,,
222,3/04/2017,4,A3,LEMA,2,72,,,,,,,,,,,,,,,,,,
264,3/04/2017,5,A3,LEMA,2,72,,,,,,,,,,,,,,,,,,
316,3/04/2017,6,A3,LEMA,1,36,,,,,,,2,,,,,8,,,,,,
6,5/04/2017,1,A4,LEMA,2,72,,,,,,1,,,,,,,,,,,,
74,5/04/2017,2,A4,LEMA,2,72,,,,,,,2,,,,,,1,,,,,
146,5/04/2017,3,A4,LEMA,4,144,,,,1,,,1,,,,,,,,,10,,
223,3/04/2017,4,A4,LEMA,3,108,,,,,,,1,,,,,,,,,,,
265,3/04/2017,5,A4,LEMA,3,108,,,,,,,2,,,,,,,,,,,
317,3/04/2017,6,A4,LEMA,1,36,,,,,,,,,,,,4,,,,,,
8,5/04/2017,1,A5,LEMA,4,144,,,,,,,1,,,,,,1,,,,,
75,5/04/2017,2,A5,LEMA,5,180,,,,,,,1,,,,,2,,,,,,
149,5/04/2017,3,A5,LEMA,7,252,,1,,1,,,2,,,,,,,,,,,
224,3/04/2017,4,A5,LEMA,2,72,,,,,,,,,,,,1,,,,,,
266,3/04/2017,5,A5,LEMA,3,108,,,1,,,,1,,,,,,,,,,,1
318,3/04/2017,6,A5,LEMA,2,72,,,,,,,,,,,,5,,,,,,
10,5/04/2017,1,A6,LEMA,3,108,,,,,,2,2,,,,,,1,,,,,
77,5/04/2017,2,A6,LEMA,5,180,,,,,,,2,,,,,,,,,,1,
152,5/04/2017,3,A6,LEMA,5,180,,,,,,,1,,,,,2,,,,,1,
225,3/04/2017,4,A6,LEMA,1,36,,,,,,,,,,,,,,,,,,3
268,3/04/2017,5,A6,LEMA,6,216,,,,,1,,2,,,,,2,,,,,,
319,3/04/2017,6,A6,LEMA,4,144,,,,,,,1,,,,,2,,,,,,
11,5/04/2017,1,B1,LEMA,4,144,,,,,,,3,,,,,,,,,,,
79,5/04/2017,2,B1,LEMA,3,108,,,,,,,2,,,,,,,,,,,
154,5/04/2017,3,B1,LEMA,6,216,,,1,2,,,1,,,,,,,,,,,
226,3/04/2017,4,B1,LEMA,3,108,,,,,,,2,,,,,,,,,,,
270,3/04/2017,5,B1,LEMA,2,72,,,,,,,1,,,,,,,,,,,
321,3/04/2017,6,B1,LEMA,2,72,,,,,,,1,,,,,4,,,,,,
13,5/04/2017,1,B2,LEMA,5,180,,,,,,,3,,,,,,,,,,,
80,5/04/2017,2,B2,LEMA,2,72,,,,,,,,,,,,,,,,,,
156,5/04/2017,3,B2,LEMA,3,108,,,,,,,3,,,,,,,,,,,
228,3/04/2017,4,B2,LEMA,4,144,,,,,,,1,,,,,,,,,,,
271,3/04/2017,5,B2,LEMA,2,72,,,,,,2,1,,,,,,,,,,,
322,3/04/2017,6,B2,LEMA,1,36,,,,,1,,,,,,,2,,,,,,
15,5/04/2017,1,B3,LEMA,3,108,,,,,,,1,,,,,,2,,,,,
81,5/04/2017,2,B3,LEMA,2,72,,,,,,2,1,,,,,,,,,,,
158,5/04/2017,3,B3,LEMA,3,108,,,3,,,,2,,,,,,,,,,,
229,3/04/2017,4,B3,LEMA,6,216,,,,,,,2,,,,,,,,,,,
272,3/04/2017,5,B3,LEMA,3,108,,,,,,,2,,,,,,,,,,,
323,3/04/2017,6,B3,LEMA,2,72,,,,,,,1,,,,,4,,,,,,
17,5/04/2017,1,B4,LEMA,3,108,,,,,,,2,,,,,,,,,,,
83,5/04/2017,2,B4,LEMA,1,36,1,2,,,,,,,,,,,,,,,,
160,5/04/2017,3,B4,LEMA,3,108,,,1,,,,2,,,,,,,,,,1,
230,3/04/2017,4,B4,LEMA,4,144,,,,,,,,,,,,,,,,,,
274,3/04/2017,5,B4,LEMA,3,108,,,,,,,3,,,,,,,,,,,
325,3/04/2017,6,B4,LEMA,1,36,,,,,,,,,,,,3,,,,,,
19,5/04/2017,1,B5,LEMA,3,108,,,,,,,1,,,,,,2,,,,,
86,5/04/2017,2,B5,LEMA,1,36,,,,,,,1,,,1,,,,,,,,
163,5/04/2017,3,B5,LEMA,8,288,,,,,,,1,,,,,,,,,,,
231,3/04/2017,4,B5,LEMA,2,72,,,,,,,,,,,,,,,,,,
275,3/04/2017,5,B5,LEMA,3,108,,,,,,,2,,,,,,,,,,,
327,3/04/2017,6,B5,LEMA,1,36,,,,,,,,,,,,3,,,,,,
21,5/04/2017,1,B6,LEMA,2,72,,,,,,2,1,,,,,1,1,,,,,
87,5/04/2017,2,B6,LEMA,2,72,,,,,,,2,,,,,,,,,,,
166,5/04/2017,3,B6,LEMA,9,324,,,,,,,2,,,,,,,,,,,
232,3/04/2017,4,B6,LEMA,1,36,,,,,,,,,,,,2,,,,,,
276,3/04/2017,5,B6,LEMA,2,72,,,,,,,1,,,,,,,,,,,
329,3/04/2017,6,B6,LEMA,6,216,,,,,,,2,,,,,1,,,,,,
23,5/04/2017,1,C1,LEMA,3,108,,,,1,,,3,,,,,,1,,,,,
88,5/04/2017,2,C1,LEMA,2,72,,,,,,,1,,,1,,,,,,,,
169,5/04/2017,3,C1,LEMA,4,144,,,2,1,,,,,,,,,,,,,1,
233,3/04/2017,4,C1,LEMA,2,72,,,,,,,2,,,,,3,,,,,,
278,3/04/2017,5,C1,LEMA,1,36,,,,,,,,,,,,,,,,,,
331,3/04/2017,6,C1,LEMA,2,72,,,,,,,,,,,,1,,,,,,
25,5/04/2017,1,C2,LEMA,3,108,,,,,,6,2,,,,,,,,,,,
89,5/04/2017,2,C2,LEMA,2,72,,,,,,,1,,,,,,,,,,,
172,5/04/2017,3,C2,LEMA,5,180,,,,1,,,2,,,,,2,1,,,,,
234,3/04/2017,4,C2,LEMA,2,72,,,,,,,1,,,,,,,,,,,
279,3/04/2017,5,C2,LEMA,1,36,,,,,,,1,,,,,3,2,,,,,
332,3/04/2017,6,C2,LEMA,1,36,,,,,,,1,,,,,3,,,,,,
26,5/04/2017,1,C3,LEMA,2,72,,,,,,3,1,,,,,,,,,,,
91,5/04/2017,2,C3,LEMA,3,108,,,,,,,1,,,,,,1,,,,,
174,5/04/2017,3,C3,LEMA,3,108,,,1,,,,2,,,,,3,,,,,,
236,3/04/2017,4,C3,LEMA,3,108,,,,,,,2,,,,,1,,,,,,
280,3/04/2017,5,C3,LEMA,3,108,,,,,,,1,,,,,,,,,,,
333,3/04/2017,6,C3,LEMA,1,36,,,,,,,1,,,,,2,,,,,,
28,5/04/2017,1,C4,LEMA,4,144,,,1,,,,2,,,,,1,,,,,,
92,5/04/2017,2,C4,LEMA,4,144,,1,,,,,2,,,,,,1,,,,1,
177,5/04/2017,3,C4,LEMA,3,108,,,,,,,3,,,,,7,,,,,,
238,3/04/2017,4,C4,LEMA,3,108,,,,,,,1,,,,,,,,,,,1
281,3/04/2017,5,C4,LEMA,5,180,,,,,,,1,,,,,4,,,,,,
334,3/04/2017,6,C4,LEMA,3,108,,,,,,,1,,,,,4,,,,,,
30,5/04/2017,1,C5,LEMA,3,108,,,,,,,1,,,,,,1,,,,,
94,5/04/2017,2,C5,LEMA,3,108,,,,,,,2,,,,,,,,,,,
179,5/04/2017,3,C5,LEMA,2,72,,,,,,,2,,,1,,9,,,,,,
239,3/04/2017,4,C5,LEMA,2,72,,,,,,,,,,,,,,,,,,
283,3/04/2017,5,C5,LEMA,3,108,,,,,,,2,,,,,,,,,,,
336,3/04/2017,6,C5,LEMA,2,72,,,,,1,,,,,,,,,,,,,
32,5/04/2017,1,C6,LEMA,2,72,,,,,,,,,,,,,,,,,,
95,5/04/2017,2,C6,LEMA,3,108,,,,,,9,1,,,,,,1,,,,,
182,5/04/2017,3,C6,LEMA,3,108,,,,,,,2,,,,,5,,,,,,
240,3/04/2017,4,C6,LEMA,3,108,,,,,,,,,,,,7,,,,,,
285,3/04/2017,5,C6,LEMA,5,180,,,,,,,3,,,,,,,,,,,
337,3/04/2017,6,C6,LEMA,5,180,,,,,,,1,,,,,,,,,,,
34,5/04/2017,1,D1,LEMA,2,72,,,,,,,3,,,,,1,1,,,,,
97,5/04/2017,2,D1,LEMA,2,72,,,,,,,2,,,,,,2,,,,,
183,5/04/2017,3,D1,LEMA,4,144,,,,,,,1,,,,,,,,,,,
287,3/04/2017,5,D1,LEMA,1,36,,,,,,,,,,,,,,,,,,
36,5/04/2017,1,D2,LEMA,5,180,,,1,,,,2,,,,,,,,,,,
99,5/04/2017,2,D2,LEMA,2,72,,,,,,,,,,,,9,,,,,,
185,5/04/2017,3,D2,LEMA,3,108,,,,,,,,,,,,,,,,,,
242,3/04/2017,4,D2,LEMA,2,72,,,,,,,,,,,,1,,,,,,
288,3/04/2017,5,D2,LEMA,1,36,,,,,,,1,,,,,,,,,,,
339,3/04/2017,6,D2,LEMA,2,72,,,,,,,,,,,,,,,,,,
38,5/04/2017,1,D3,LEMA,3,108,,,,,,,1,,,,,,,,,,,
101,5/04/2017,2,D3,LEMA,3,108,,,2,,,,,,,2,,3,1,,,,,
187,5/04/2017,3,D3,LEMA,4,144,,,,,,,2,,,,,6,,,,,,
243,3/04/2017,4,D3,LEMA,3,108,,,,,,,1,,,,,1,,,,,,
290,3/04/2017,5,D3,LEMA,2,72,,,,,,,1,,,,,,,,,,,
340,3/04/2017,6,D3,LEMA,4,144,,,,,,,,,,,,2,,,,,,
40,5/04/2017,1,D4,LEMA,4,144,,,1,,,,1,,,,,,,,,,,
104,5/04/2017,2,D4,LEMA,2,72,2,4,,,,,1,,,1,,2,,,,,,
189,5/04/2017,3,D4,LEMA,3,108,,,,,,,3,,,,,2,,,,,,
244,3/04/2017,4,D4,LEMA,2,72,,,,,,,,,,,,,,,,,,
291,3/04/2017,5,D4,LEMA,5,180,,,,,,,1,,,,,,,,,,,
341,3/04/2017,6,D4,LEMA,1,36,,,,,,,1,,,,,,,,,3,,
43,5/04/2017,1,D5,LEMA,5,180,,,2,,,,3,,,,,,,,,,,
105,5/04/2017,2,D5,LEMA,2,72,,,,,,,1,,,1,,,,,,,,
191,5/04/2017,3,D5,LEMA,4,144,,,,,,,2,,,,,6,4,,,,,
245,3/04/2017,4,D5,LEMA,2,72,,,,,,,,,,,,,,,,,,
293,3/04/2017,5,D5,LEMA,6,216,,,,,,,,,,,,,,,,,,
343,3/04/2017,6,D5,LEMA,1,36,,,,,,,,,,,,,,,,,,
45,5/04/2017,1,D6,LEMA,1,36,,,1,,,,,,,,,1,2,,,,,
106,5/04/2017,2,D6,LEMA,2,72,,1,,,,,2,,,,,,,,,,,
194,5/04/2017,3,D6,LEMA,3,108,,,,,,,,,,,,10,,,,,,
294,3/04/2017,5,D6,LEMA,4,144,,,,,,,1,,,,,,,,,,,
345,3/04/2017,6,D6,LEMA,1,36,,,,,,,1,,,,,6,,,,,,
47,5/04/2017,1,E1,LEMA,5,180,,,,,,,1,,,,,,1,,,,,
107,5/04/2017,2,E1,LEMA,3,108,,4,,,,,1,,,,,,,,,,,
195,5/04/2017,3,E1,LEMA,3,108,,,1,,,,1,,,,,1,,,,,,
246,3/04/2017,4,E1,LEMA,3,108,,,,,,,1,,,,,,,,,,,
296,3/04/2017,5,E1,LEMA,2,72,,,,,,,1,,,,,,,,,,,
347,3/04/2017,6,E1,LEMA,1,36,,,,,,,2,,,,,3,,,,,,
49,5/04/2017,1,E2,LEMA,1,36,,,,,,,4,,,,,2,,,,,,
109,5/04/2017,2,E2,LEMA,2,72,,,,,,,,,,2,,,,,,,,
198,5/04/2017,3,E2,LEMA,2,72,,,,,,,2,,,,,3,,,,,,
248,3/04/2017,4,E2,LEMA,3,108,,,,,,,2,,,,,1,,,,,,
298,3/04/2017,5,E2,LEMA,2,72,,,,,,,1,,,,,1,,,,,,
348,3/04/2017,6,E2,LEMA,1,36,,,,,,,1,,,,,,,,,,,
51,5/04/2017,1,E3,LEMA,1,36,,,,,,,5,,,,,2,,,,,,
111,5/04/2017,2,E3,LEMA,3,108,,,1,,,,2,,,2,,,1,,,,,
200,5/04/2017,3,E3,LEMA,4,144,,,2,,,,1,,,,,3,1,,,,,
250,3/04/2017,4,E3,LEMA,3,108,,,,,,,1,,,,,,,,,,,
299,3/04/2017,5,E3,LEMA,2,72,,,,,,,1,,,,,2,,,,,,
350,3/04/2017,6,E3,LEMA,1,36,,,,,,,,,,,,4,,,,,,
53,5/04/2017,1,E4,LEMA,2,72,,,,,,,3,,,,,1,,,,,,
113,5/04/2017,2,E4,LEMA,2,72,,,,,,,2,,,1,,,,,,,,
202,5/04/2017,3,E4,LEMA,3,108,,,,,,3,2,,,,,,,,,,,
251,3/04/2017,4,E4,LEMA,1,36,,,,,,,,,,,,,,,,,,
300,3/04/2017,5,E4,LEMA,5,180,,,,,,,1,,,,,,,,,,,
351,3/04/2017,6,E4,LEMA,1,36,,,,,,,,,,,,2,,,,,,
55,5/04/2017,1,E5,LEMA,2,72,,,,,,,3,,,,,2,,,,,,
116,5/04/2017,2,E5,LEMA,2,72,,,,,,3,,,,1,,,1,,,,1,
204,5/04/2017,3,E5,LEMA,2,72,,,,,,,3,,,,,4,2,,,,,
252,3/04/2017,4,E5,LEMA,3,108,,,,,,,1,,,,,,,,,,,
302,3/04/2017,5,E5,LEMA,5,180,,,,,,,1,,,,,,,,,,,
352,3/04/2017,6,E5,LEMA,3,108,,,,,,,,,,,,3,,,,,,
57,5/04/2017,1,E6,LEMA,6,216,,,,,,,4,,,,,,,,,,,
118,5/04/2017,2,E6,LEMA,2,72,,2,,,,,2,,,,,,,,,,,
206,5/04/2017,3,E6,LEMA,2,72,,,3,,,1,2,,,,,,,,,,,
253,3/04/2017,4,E6,LEMA,2,72,,,,,,,,,,,,1,,,,,,2
303,3/04/2017,5,E6,LEMA,2,72,,,,,,,2,,,,,,,,,,,
353,3/04/2017,6,E6,LEMA,1,36,,,1,,,,1,,,,,3,,,,,,
59,5/04/2017,1,F1,LEMA,2,72,,,,,,,2,,,,,,2,,,,,
119,5/04/2017,2,F1,LEMA,3,108,,,,,,,2,,,1,,1,,,,,,
207,5/04/2017,3,F1,LEMA,5,180,,,,,,,3,,,,,,,,,,,
254,3/04/2017,4,F1,LEMA,1,36,,,,,,,1,,,,,4,,,,,,
305,3/04/2017,5,F1,LEMA,2,72,,,,,,,,,,,,,1,,,,,
60,5/04/2017,1,F2,LEMA,2,72,,,,,,,3,,,,,,,,,,,
120,5/04/2017,2,F2,LEMA,2,72,,,,,,5,1,,,2,,,,,,,,
209,5/04/2017,3,F2,LEMA,3,108,,,,,,,3,,,,,,,,,,,
255,3/04/2017,4,F2,LEMA,2,72,,,,,,,,,,,,,,,,,,
306,3/04/2017,5,F2,LEMA,1,36,,,,,,,,,,,,,,,,,,
62,5/04/2017,1,F3,LEMA,4,144,,,,,,,3,,,1,,1,,,,,,
122,5/04/2017,2,F3,LEMA,2,72,,,,,,6,2,,,,,,,,,,,
210,5/04/2017,3,F3,LEMA,3,108,,,,,,,2,,,,,,,,,,,
307,3/04/2017,5,F3,LEMA,1,36,,,,,,,2,,,,,2,1,,,,,
355,3/04/2017,6,F3,LEMA,1,36,,,,,2,,,,,,,2,,,,,,
64,5/04/2017,1,F4,LEMA,3,108,,,,,,6,1,,,,,,,,,,,
123,5/04/2017,2,F4,LEMA,2,72,,1,,,,3,1,,,,,,,,,,,
212,5/04/2017,3,F4,LEMA,5,180,,,,,,,3,,,,,1,,,,,,
256,3/04/2017,4,F4,LEMA,3,108,,,,,,,1,,,,,3,,,,,,
309,3/04/2017,5,F4,LEMA,2,72,,,,,,,2,,,,,1,,,,,,
66,5/04/2017,1,F5,LEMA,3,108,,,,,,,3,,,,,,1,,,,,
125,5/04/2017,2,F5,LEMA,2,72,,,3,,,,3,,,,,,,,,,,
214,5/04/2017,3,F5,LEMA,2,72,,,,,,,4,,,,,6,,,,,,
257,3/04/2017,4,F5,LEMA,1,36,,,,,,,,,,,,,,,,,,
311,3/04/2017,5,F5,LEMA,3,108,,,,,,,2,,,,,,,,,,,
356,3/04/2017,6,F5,LEMA,5,180,,,,,1,,,,,,,2,,,,,,
68,5/04/2017,1,F6,LEMA,2,72,,,2,,,,2,,,,,,,,,,,
127,5/04/2017,2,F6,LEMA,3,108,,2,,,,3,1,,,,,,,,,,,
215,5/04/2017,3,F6,LEMA,2,72,,,,,,,1,,,,,,,,,,,
259,3/04/2017,4,F6,LEMA,4,144,,,,,,,,,,,,,,,,,,
313,3/04/2017,5,F6,LEMA,4,144,,,,,,,2,,,,,,,,,,,
357,3/04/2017,6,F6,LEMA,3,108,,,,,1,,,,,,,,,,,,,
969,9/05/2017,5,A1,LYTR,6,264,,,,,,9,,,,,,,,,,,,
970,9/05/2017,6,A1,LYTR,24,1056,,,,,,,,,,,,2,,,,,,
1492,31/05/2017,8,A1,LYTR,60,2640,,,,,,,,4,,,,,,,,,,
967,9/05/2017,4,A2,LYTR,3,132,,,,,,4,,1,,,,,,,,,,
971,9/05/2017,6,A2,LYTR,2,88,,,,,,,,1,,,,4,,,,,,
968,9/05/2017,4,A5,LYTR,11,484,,,,,,7,,,,,,,,,,1,,
972,9/05/2017,6,A5,LYTR,4,176,,,,,,4,,1,,,,7,,,,,,
973,9/05/2017,6,A5,LYTR,2,88,,,,,,6,,,,,,5,,,,,,
1475,31/05/2017,7,B1,LYTR,40,1760,,,,,,,,2,,,,,,,,,,
1493,31/05/2017,8,B1,LYTR,40,1760,,,,,,,,3,,,,,,,,,,
974,9/05/2017,6,B2,LYTR,1,44,,,,,,3,,,,,,4,,,,,,
1476,31/05/2017,7,B2,LYTR,35,1540,,,,,,,,1,,,,,,,,,,
975,9/05/2017,6,B3,LYTR,1,44,,,,,,5,,,,,,3,,,,,,
1477,31/05/2017,7,B3,LYTR,25,1100,,,,,,,,1,,,,,,,,1,,
976,9/05/2017,6,B4,LYTR,1,44,,,,,,2,,1,,,,6,1,,,,,
1478,31/05/2017,7,C1,LYTR,35,1540,,,,,,,,5,,,,,,,,,,
1494,31/05/2017,8,C1,LYTR,35,1540,,,,,,,,4,,,,,,,,,,
977,9/05/2017,6,C2,LYTR,1,44,,,,,,,,1,,,,9,,,,,,
978,9/05/2017,6,C2,LYTR,4,176,,,,,,,,3,,,,7,,,,,,
979,9/05/2017,6,C2,LYTR,1,44,,,,,,5,,,,,,6,,,,,,2
1479,31/05/2017,7,C2,LYTR,120,5280,,,,,,,,3,,,,,,,,,,
980,9/05/2017,6,C3,LYTR,3,132,,,,,,6,,,,,,4,,,,,,
981,9/05/2017,6,C3,LYTR,4,176,,,,,,4,,4,,,,6,,,,,,
982,9/05/2017,6,C3,LYTR,3,132,,,,,,4,,1,,,2,3,,,,,,
983,9/05/2017,6,C3,LYTR,3,132,,,,,,2,1,3,,,,8,,,,,,
984,9/05/2017,6,C4,LYTR,2,88,,,,,,,,3,,,1,6,,,,,,
985,9/05/2017,6,C5,LYTR,1,44,,,,,,9,,1,,,,,,,,2,,
986,9/05/2017,6,C5,LYTR,1,44,,,,,,5,,,,,,3,,,,,,
987,9/05/2017,6,C6,LYTR,1,44,,,,,,5,,,,,,4,,,,,,
1480,31/05/2017,7,D1,LYTR,30,1320,,,,,,,,4,,,,,,,,,,
988,9/05/2017,6,D2,LYTR,1,44,,,,,,10,,,,,,2,2,,,,,
989,9/05/2017,6,D2,LYTR,1,44,,,,,,4,,3,,,,5,3,,,,,
1481,31/05/2017,7,D2,LYTR,70,3080,,,,,,,,2,,,,,,,,2,,
990,9/05/2017,6,D3,LYTR,2,88,,,,,,4,,1,,,,,2,,,,,
991,9/05/2017,6,D3,LYTR,4,176,,,,,,5,,,,,,1,,,,,,
1482,31/05/2017,7,D3,LYTR,25,1100,,,,,,,,5,,,,,,,,,,
1495,31/05/2017,8,D6,LYTR,30,1320,,,,,,,,3,,,,,,,,,,
1483,31/05/2017,7,E1,LYTR,45,1980,,,,,,,,1,,,,,,,,,,
1496,31/05/2017,8,E1,LYTR,40,1760,,,,,,,,,,,,,,,3,,,
992,9/05/2017,6,E2,LYTR,1,44,,,,,,3,,,,,,4,3,,,2,,
993,9/05/2017,6,E2,LYTR,1,44,,,,,,3,,,,,,5,5,,,2,,
1484,31/05/2017,7,E2,LYTR,20,880,,,,,,,,1,,,,,,,,1,,
994,9/05/2017,6,E3,LYTR,4,176,,,,,,3,,2,,,,3,2,,,,,
995,9/05/2017,6,E3,LYTR,2,88,,,,,,2,,1,,,,1,6,,,,,
1485,31/05/2017,7,E3,LYTR,35,1540,,,,,,,,3,,,,,,,,,,
996,9/05/2017,6,E4,LYTR,1,44,,,,,,7,,4,,,,6,1,,,,,
997,9/05/2017,6,E6,LYTR,1,44,,,,,,4,,3,,,,3,2,,,,,
1486,31/05/2017,7,F1,LYTR,15,660,,,,,,,,5,,,,,,,,,,
1497,31/05/2017,8,F1,LYTR,40,1760,,,,,,,,3,,,,,,,1,,,
998,9/05/2017,6,F2,LYTR,1,44,,,,,,2,,2,,,,4,,,,,,
1487,31/05/2017,7,F2,LYTR,25,1100,,,,,,,,1,,,,,,,,,,
1498,31/05/2017,8,F2,LYTR,20,880,,,,,,,,3,,,,,,,,,,
1488,31/05/2017,7,F3,LYTR,30,1320,,,,,,,,4,,,,,,,,,,
1499,31/05/2017,8,F3,LYTR,20,880,,,,,,,,1,,,,,,,,,,
1489,31/05/2017,7,F4,LYTR,15,660,,,,,,,,2,,,,,,,,,,
1500,31/05/2017,8,F4,LYTR,29,1276,,,,,,,,3,,,,,,,,,,
1490,31/05/2017,7,F5,LYTR,45,1980,,,,,,,,2,,,,,,,,,,
1501,31/05/2017,8,F5,LYTR,30,1320,,,,,,,,4,,,,,,,3,,,
1491,31/05/2017,7,F6,LYTR,35,1540,,,,,,,,4,,,,,,,,,,
954,9/05/2017,2,E2,MEEL,60,120,,,,,,2,,,1,1,1,2,,,,,,
941,9/05/2017,2,B1,MESU,180,180,,,,,,12,,,,1,,,,,,,,
942,9/05/2017,2,C5,MESU,250,250,,,,,,5,,,,,,,,,,,,
943,9/05/2017,2,D1,MESU,120,120,,1,,,,1,,,,,,,,,,,,
944,9/05/2017,2,D1,MESU,220,220,,3,,,,,,,,1,,,,,,,,
945,9/05/2017,2,D1,MESU,240,240,,2,,,,2,,,,,,,,,,,,
952,9/05/2017,3,D3,MESU,380,380,,2,,,,,,,,,,1,,,,,,
953,9/05/2017,3,D3,MESU,260,260,,,,,,2,,,,,,3,,,,,,
946,9/05/2017,2,E1,MESU,200,200,,,,,,1,,,,,,1,,,,,,
947,9/05/2017,2,E2,MESU,220,220,,,,,,3,,,2,1,,,,,,,,
948,9/05/2017,2,E3,MESU,320,320,,4,,,,3,,,,,,,,,,,,
949,9/05/2017,2,E4,MESU,360,360,,,,,,,,,,,,1,,,,,,
950,9/05/2017,2,F1,MESU,360,360,,4,,,,2,,,,,,,,,,,,
951,9/05/2017,2,F2,MESU,350,350,,2,,,,,,,,,,2,,,,,,
940,9/05/2017,1,F4,MESU,360,360,,,,,,,,,,,2,,,,,,,
999,29/05/2017,1,A1,PAIN,10,10,,,,,,21,,,,,2,,,,,,,
1035,29/05/2017,2,A1,PAIN,30,30,,,,,,17,,,,,2,,,,,,,
1104,30/05/2017,4,A1,PAIN,20,20,,,,,,17,,,,,,,2,,,,,
1130,30/05/2017,5,A1,PAIN,25,25,,,,,,20,,,,,,,,,,,,
1000,29/05/2017,1,A2,PAIN,10,10,,,,,,20,,,,,3,,,,,,,
1036,29/05/2017,2,A2,PAIN,30,30,,,,,,12,,,,,3,,,,1,,,
1071,30/05/2017,3,A2,PAIN,25,25,,3,,,,2,,,,,1,,,,,,,
1105,30/05/2017,4,A2,PAIN,45,45,,,,,,19,,,,,,,,,,1,,
1131,30/05/2017,5,A2,PAIN,15,15,,,,,,15,,,,,,,4,,,,,
1164,30/05/2017,6,A2,PAIN,40,40,,,,,,7,,,,,2,3,,,,,,
1001,29/05/2017,1,A3,PAIN,10,10,,,,,,19,,,,,2,,,,,,,
1037,29/05/2017,2,A3,PAIN,35,35,,,,,,19,,,,,,,,,,,,
1072,30/05/2017,3,A3,PAIN,15,15,,,,,,15,,,,,,,2,,,,,
1132,30/05/2017,5,A3,PAIN,20,20,,,,,,17,,,,,,,2,,,,,
1165,30/05/2017,6,A3,PAIN,20,20,,,,,,9,,,,,,,,,,,,
1002,29/05/2017,1,A4,PAIN,15,15,,,,,,21,,,,,1,,,,,,,
1038,29/05/2017,2,A4,PAIN,35,35,,2,,,,20,,,,,,,,,2,,,
1073,30/05/2017,3,A4,PAIN,12,12,,,,,,3,,,,,,,,,1,,,
1106,30/05/2017,4,A4,PAIN,40,40,,,,,,17,,,,,,,,,,,,
1133,30/05/2017,5,A4,PAIN,15,15,,,,,,21,,,,,,,5,,,,,
1166,30/05/2017,6,A4,PAIN,10,10,,,,,,7,,,,,,4,,,,2,,
1003,29/05/2017,1,A5,PAIN,20,20,,2,,,,21,,,,,1,,,,,,,
1039,29/05/2017,2,A5,PAIN,35,35,,,,,,22,,,,,,,,,,,,
1074,30/05/2017,3,A5,PAIN,12,12,,,,,,19,,,,,,,,,,,,
1107,30/05/2017,4,A5,PAIN,20,20,,,,,,14,,,,,,,,,,,,
1134,30/05/2017,5,A5,PAIN,50,50,,,,,,14,,,,,,,,,,3,,
1167,30/05/2017,6,A5,PAIN,15,15,,,,,,6,,,,,,,,,,,,
1004,29/05/2017,1,A6,PAIN,25,25,,,,,,16,,,,,2,,,,,,,
1040,29/05/2017,2,A6,PAIN,30,30,,,,,,24,,,,,2,,,,,,,
1075,30/05/2017,3,A6,PAIN,12,12,,,,,,12,,,,,,,,,,,,
1108,30/05/2017,4,A6,PAIN,10,10,,,,,,16,,,,,,,,,,,,
1135,30/05/2017,5,A6,PAIN,20,20,,,,,,7,,,,,,2,1,,,,,
1168,30/05/2017,6,A6,PAIN,45,45,,,,,,2,,,,,,3,3,,,2,,
1005,29/05/2017,1,B1,PAIN,20,20,,,,,,17,,,,,,,,,,,,
1041,29/05/2017,2,B1,PAIN,30,30,,1,,,,26,,,,,,,,,,,,
1109,30/05/2017,4,B1,PAIN,20,20,,,,,,16,,,,,,,,,1,,,
1136,30/05/2017,5,B1,PAIN,15,15,,,,,,20,,,,,,,2,,,,,
1169,30/05/2017,6,B1,PAIN,20,20,,,,,,2,,,,,,4,,,,,,
1006,29/05/2017,1,B2,PAIN,20,20,,,,,,22,,,,,,,,,,,,
1042,29/05/2017,2,B2,PAIN,30,30,,,,,,23,,,,,,,,,,,,
1076,30/05/2017,3,B2,PAIN,10,10,,,,1,,3,,,,,,,,,,,,
1110,30/05/2017,4,B2,PAIN,60,60,,,,,,7,,,,,1,,,,,,,
1137,30/05/2017,5,B2,PAIN,20,20,,,,,,19,,,,,,,,,,,,
1170,30/05/2017,6,B2,PAIN,15,15,,,,,,8,,,,,,,,,,,,
1007,29/05/2017,1,B3,PAIN,20,20,,,,,,24,,,,,,,,,,,,
1043,29/05/2017,2,B3,PAIN,15,15,,,,,,20,,,,,,,,,,,,
1111,30/05/2017,4,B3,PAIN,15,15,,,,,,16,,,,,,,,,,,,
1138,30/05/2017,5,B3,PAIN,25,25,,,,,,17,,,,,,,3,,,,,
1171,30/05/2017,6,B3,PAIN,50,50,,,,,,5,,,,,,3,,,,,,
1008,29/05/2017,1,B4,PAIN,15,15,,,,,,26,,,,,,,,,,,,
1044,29/05/2017,2,B4,PAIN,15,15,,,,,,24,,,,,,,,,,,,
1077,30/05/2017,3,B4,PAIN,15,15,,,,,,5,,,,,,,,,,,,
1139,30/05/2017,5,B4,PAIN,40,40,,,,,,16,,,,,,,2,,,,,
1009,29/05/2017,1,B5,PAIN,25,25,,,,,,21,,,,,1,,,,,,,
1045,29/05/2017,2,B5,PAIN,10,10,,2,,,,19,,,,,,,,,3,,,
1078,30/05/2017,3,B5,PAIN,15,15,,1,,,,14,,,,,,,,,,,,
1140,30/05/2017,5,B5,PAIN,30,30,,,,,,14,,,,,,,,,,2,,
1172,30/05/2017,6,B5,PAIN,20,20,,,,,,14,,,,,,,,,,,,
1010,29/05/2017,1,B6,PAIN,30,30,,,,,,19,,,,,2,,,,,,,
1046,29/05/2017,2,B6,PAIN,15,15,,,,,,20,,,,,,,,,,,,
1079,30/05/2017,3,B6,PAIN,10,10,,,,,,16,,,,,,,,,,,,
1112,30/05/2017,4,B6,PAIN,20,20,,,,,,17,,,,,,,,,,,,
1141,30/05/2017,5,B6,PAIN,15,15,,,,,,9,,,,,,,5,,,,,
1173,30/05/2017,6,B6,PAIN,20,20,,,,,,11,,,,,,,,,,1,,
1011,29/05/2017,1,C1,PAIN,10,10,,,,,,16,,,,,5,,,,,,,
1047,29/05/2017,2,C1,PAIN,15,15,,,,,,21,,,,,3,,,,,,,
1080,30/05/2017,3,C1,PAIN,20,20,,,,,,7,,,,,,,,,,,,
1142,30/05/2017,5,C1,PAIN,20,20,,,,,,17,,,,,,,,,,,,
1012,29/05/2017,1,C2,PAIN,10,10,,,,,,15,,,,,2,,,,2,,,
1048,29/05/2017,2,C2,PAIN,40,40,,,,,,15,,,,,2,,,,,,,
1081,30/05/2017,3,C2,PAIN,15,15,,,,,,15,,,,,1,,,,,,,
1143,30/05/2017,5,C2,PAIN,10,10,,,,,,15,,,,,3,,5,,,,,
1174,30/05/2017,6,C2,PAIN,20,20,,,,,,4,,,,,,9,,,,,,
1013,29/05/2017,1,C3,PAIN,25,25,,,,,,16,,,,,1,,,,,,,
1049,29/05/2017,2,C3,PAIN,35,35,,,,,,21,,,,,4,,,,,,,
1082,30/05/2017,3,C3,PAIN,20,20,,,,,,3,,,,,2,,,,,,,
1113,30/05/2017,4,C3,PAIN,40,40,,,,,,11,,,,,,,,,,,,
1144,30/05/2017,5,C3,PAIN,15,15,,,,,,17,,,,,,,4,,,,,
1175,30/05/2017,6,C3,PAIN,30,30,,,,,,16,,,,,,,,,,,,
1014,29/05/2017,1,C4,PAIN,30,30,,,,,,19,,,,,,,,,,,,
1050,29/05/2017,2,C4,PAIN,35,35,,,,,,18,,,,,3,,,,2,,,
1083,30/05/2017,3,C4,PAIN,20,20,,3,,,,7,,,,,,,,,,,,
1114,30/05/2017,4,C4,PAIN,15,15,,,,,,15,,,,,,,4,,,,,
1145,30/05/2017,5,C4,PAIN,25,25,,,,,,11,,,,,,,,,,,,
1176,30/05/2017,6,C4,PAIN,10,10,,,,,,19,,,,,,,,,,1,,
1015,29/05/2017,1,C5,PAIN,25,25,,,,,,17,,,,,,,,,,,,
1051,29/05/2017,2,C5,PAIN,40,40,,2,,,,15,,,,,2,,,,,,,
1084,30/05/2017,3,C5,PAIN,20,20,,1,,,,,,,,,3,,,,1,,,
1115,30/05/2017,4,C5,PAIN,15,15,,,,,,18,,,,,,,1,,,,,
1146,30/05/2017,5,C5,PAIN,20,20,,,,,,12,,,,,,,,,,,,
1177,30/05/2017,6,C5,PAIN,30,30,,,,,,12,,,,,,3,,,,,,
1016,29/05/2017,1,C6,PAIN,20,20,,,,,,20,,,,,2,,,,,,,
1052,29/05/2017,2,C6,PAIN,15,15,,,,,,20,,,,,4,,,,2,,,
1085,30/05/2017,3,C6,PAIN,25,25,,,,,,19,,,,,,,,,,,,
1147,30/05/2017,5,C6,PAIN,40,40,,,,,,17,,,,,,,,,,,,
1178,30/05/2017,6,C6,PAIN,20,20,,,,,,14,,,,,,2,,,,,,
1017,29/05/2017,1,D1,PAIN,20,20,,,,,,19,,,,,,,,,,,,
1053,29/05/2017,2,D1,PAIN,20,20,,1,,,,22,,,,,,,,,,,,
1086,30/05/2017,3,D1,PAIN,30,30,,,,,,17,,,,,,,,,,,,
1148,30/05/2017,5,D1,PAIN,20,20,,,,,,17,,,,,,,2,,,,,
1179,30/05/2017,6,D1,PAIN,30,30,,,,,,19,,,,,,,,,,,,
1018,29/05/2017,1,D2,PAIN,20,20,,,,,,16,,,,,3,,,,,,,
1054,29/05/2017,2,D2,PAIN,20,20,,,,,,19,,,,,5,,,,,,,
1087,30/05/2017,3,D2,PAIN,25,25,,,,,,7,,,,,,,,,,,,
1116,30/05/2017,4,D2,PAIN,50,50,,,,,,18,,,,,,,4,,,1,,
1149,30/05/2017,5,D2,PAIN,20,20,,,,,,15,,,,,,,,,,,,
1180,30/05/2017,6,D2,PAIN,20,20,,,,,,12,,,,,,,,,,,,
1019,29/05/2017,1,D3,PAIN,20,20,,,,,,18,,,,,1,,,,,,,
1055,29/05/2017,2,D3,PAIN,25,25,,,,,,17,,,,,6,,,,,,,
1088,30/05/2017,3,D3,PAIN,25,25,,2,,,,4,,,,,,2,,,,,,
1117,30/05/2017,4,D3,PAIN,40,40,,,,,,9,,,,,1,1,,,3,,,
1150,30/05/2017,5,D3,PAIN,30,30,,,,,,19,,,,,,,,,,,,
1181,30/05/2017,6,D3,PAIN,25,25,,,,,,16,,,,,,,,,,,,
1020,29/05/2017,1,D4,PAIN,35,35,,,,,,18,,,,,1,,,,,,,
1056,29/05/2017,2,D4,PAIN,45,45,,,,,,15,,,,,,,,,2,,,
1089,30/05/2017,3,D4,PAIN,40,40,,,,,,6,,,,,,,,,,,,
1118,30/05/2017,4,D4,PAIN,15,15,,,,,,14,,,,,1,,,,,,,
1182,30/05/2017,6,D4,PAIN,20,20,,,,,,14,,,,,,,,,,,,
1021,29/05/2017,1,D5,PAIN,30,30,,,,,,17,,,,,,,,,,,,
1057,29/05/2017,2,D5,PAIN,10,10,,,,,,20,,,,,3,,,,,,,
1090,30/05/2017,3,D5,PAIN,23,23,,1,,,,12,,,,,2,,,,,,,
1119,30/05/2017,4,D5,PAIN,15,15,,,,,,12,,,,,,,2,,,,,
1151,30/05/2017,5,D5,PAIN,35,35,,,,,,16,,,,,1,,,,,,,
1183,30/05/2017,6,D5,PAIN,30,30,,,,,,15,,,,,,,,,,,,
1022,29/05/2017,1,D6,PAIN,35,35,,,,,,21,,,,,3,,,,,,,
1058,29/05/2017,2,D6,PAIN,15,15,,,,,,22,,,,,1,,,,,,,
1091,30/05/2017,3,D6,PAIN,25,25,,,,,,15,,,,,5,,,,,,,
1120,30/05/2017,4,D6,PAIN,30,30,,,,,,16,,,,,,,,,,,,
1152,30/05/2017,5,D6,PAIN,20,20,,,,,,12,,,,,,,4,,,5,,
1184,30/05/2017,6,D6,PAIN,15,15,,,,,,11,,,,,,,2,,,,,
1023,29/05/2017,1,E1,PAIN,30,30,,,,,,17,,,,,2,,,,,,,
1059,29/05/2017,2,E1,PAIN,30,30,,,,,,15,,,,,2,,,,,,,
1092,30/05/2017,3,E1,PAIN,20,20,,,,,,17,,,,,1,,,,,,,
1121,30/05/2017,4,E1,PAIN,15,15,,,,,,16,,,,,,,2,,,,,
1153,30/05/2017,5,E1,PAIN,45,45,,,,,,22,,,,,,,,,,,,
1024,29/05/2017,1,E2,PAIN,25,25,,,,,,16,,,,,4,,,,,,,
1060,29/05/2017,2,E2,PAIN,30,30,,3,,,,10,,,,,,,,,,,,
1093,30/05/2017,3,E2,PAIN,20,20,,,,,,8,,,,,,,,,3,,,
1122,30/05/2017,4,E2,PAIN,20,20,,,,,,12,,,,,,3,,,,,,
1154,30/05/2017,5,E2,PAIN,20,20,,,,,,24,,,,,,,,,,,,
1185,30/05/2017,6,E2,PAIN,25,25,,,,,,16,,,,,,3,,,,,,
1025,29/05/2017,1,E3,PAIN,10,10,,,,,,11,,,,,5,,,,,,,
1061,29/05/2017,2,E3,PAIN,35,35,,,,,,17,,,,,3,,,,,,,
1094,30/05/2017,3,E3,PAIN,15,15,,,,,,15,,,,,,,,,,,,
1123,30/05/2017,4,E3,PAIN,40,40,,,,,,19,,,,,,,6,,,,,
1155,30/05/2017,5,E3,PAIN,20,20,,,,,,16,,,,,,,,,,,,
1186,30/05/2017,6,E3,PAIN,15,15,,,,,,14,,,,,,,,,,,,
1026,29/05/2017,1,E4,PAIN,10,10,,,,,,12,,,,,6,,,,,,,
1062,29/05/2017,2,E4,PAIN,30,30,,,,,,14,,,,,,,,,,,,
1095,30/05/2017,3,E4,PAIN,15,15,,,,,,20,,,,,,,2,,,,,
1124,30/05/2017,4,E4,PAIN,20,20,,,,,,11,,,,,,,5,,2,,,
1187,30/05/2017,6,E4,PAIN,40,40,,,,,,17,,,,,,,,,,,,
1027,29/05/2017,1,E5,PAIN,10,10,,,,,,19,,,,,2,,,,,,,
1063,29/05/2017,2,E5,PAIN,30,30,,,,,,16,,,,,,,,,,,,
1096,30/05/2017,3,E5,PAIN,15,15,,,,,,5,,,,,5,,,,4,,,
1125,30/05/2017,4,E5,PAIN,20,20,,,,,,16,,,,,,,4,,,,,
1156,30/05/2017,5,E5,PAIN,40,40,,,,,,16,,,,,,,,,,,,
1188,30/05/2017,6,E5,PAIN,15,15,,,,,,9,,,,,,,,,,,,
1028,29/05/2017,1,E6,PAIN,25,25,,,,,,16,,,,,2,,,,2,,,
1064,29/05/2017,2,E6,PAIN,25,25,,2,,,,12,,,,,,,,,,,,
1097,30/05/2017,3,E6,PAIN,45,45,,,,,,7,,,,,3,,,,,,,
1126,30/05/2017,4,E6,PAIN,15,15,,,,,,20,,,,,,,,,,,,
1157,30/05/2017,5,E6,PAIN,30,30,,,,,,14,,,,,,,,,,,,
1189,30/05/2017,6,E6,PAIN,10,10,,,,,,17,,,,,,,,,,,,
1029,29/05/2017,1,F1,PAIN,25,25,,1,,,,14,,,,,1,,,,,,,
1065,29/05/2017,2,F1,PAIN,35,35,,1,,,,16,,,,,,,,,,,,
1098,30/05/2017,3,F1,PAIN,45,45,,,,,,6,,,,,,,,,,,,
1158,30/05/2017,5,F1,PAIN,40,40,,,,,,16,,,,,,,,3,,,,
1190,30/05/2017,6,F1,PAIN,20,20,,,,,,17,,,,,,,4,,,,,
1030,29/05/2017,1,F2,PAIN,20,20,,,,,,19,,,,,3,,,,,,,
1066,29/05/2017,2,F2,PAIN,30,30,,,,,,12,,,,1,,,,,,,,
1099,30/05/2017,3,F2,PAIN,50,50,,,,,,12,,,,,,,,,,,,
1159,30/05/2017,5,F2,PAIN,20,20,,,,,,19,,,,,,,,,,,,
1191,30/05/2017,6,F2,PAIN,15,15,,,,,,19,,,,,,2,,,,,,
1031,29/05/2017,1,F3,PAIN,20,20,,,,,,12,,,,,4,,,,,,,
1067,29/05/2017,2,F3,PAIN,3,3,,,,,,22,,,,,,,,,,,,
1100,30/05/2017,3,F3,PAIN,40,40,,,,,,7,,,,,,,,,1,,,
1127,30/05/2017,4,F3,PAIN,35,35,,,,,,11,,,,,,,,,,,,
1160,30/05/2017,5,F3,PAIN,60,60,,,,,,19,,,,,3,,,,,,,
1192,30/05/2017,6,F3,PAIN,20,20,,,,,,22,,,,,,,,,,,,
1032,29/05/2017,1,F4,PAIN,20,20,,,,,,15,,,,,3,,,,,,,
1068,29/05/2017,2,F4,PAIN,0,0,,,,,,26,,,,,,,,,,,,
1101,30/05/2017,3,F4,PAIN,40,40,,,,,,7,,,,,2,,,,2,,,
1128,30/05/2017,4,F4,PAIN,20,20,,,,,,16,,,,,,,,,2,,,
1161,30/05/2017,5,F4,PAIN,20,20,,,,,,18,,,,,,,,,,,,
1193,30/05/2017,6,F4,PAIN,25,25,,,,,,19,,,,,,,,,,,,
1033,29/05/2017,1,F5,PAIN,15,15,,,,,,17,,,,,,,,,,,,
1069,29/05/2017,2,F5,PAIN,30,30,,,,,,24,,,,,,,,,,,,
1102,30/05/2017,3,F5,PAIN,20,20,,,,,,5,,,,,,,2,,3,,,
1129,30/05/2017,4,F5,PAIN,20,20,,,,,,14,,,,,,,2,,,,,
1162,30/05/2017,5,F5,PAIN,25,25,,,,,,17,,,,,,,,,,,,
1194,30/05/2017,6,F5,PAIN,35,35,,,,,,18,,,,,,,4,,,,,
1034,29/05/2017,1,F6,PAIN,15,15,,1,,,,18,,,,,1,,,,,,,
1070,29/05/2017,2,F6,PAIN,30,30,,2,,,,16,,,,,,,,,1,,,
1103,30/05/2017,3,F6,PAIN,45,45,,,,,,4,,,,,2,,,,2,,,
1163,30/05/2017,5,F6,PAIN,30,30,,,,,,14,,,,,,,,,,,,
1195,30/05/2017,6,F6,PAIN,30,30,,,,,,19,,,,,,,,,,,,
464,8/05/2017,6,A1,PLCO,2,52,,,,,,,,1,,,,2,8,,,,,
411,7/05/2017,3,A2,PLCO,1,26,,,,,,7,,,,,,2,,,,,,
465,8/05/2017,6,A2,PLCO,3,78,,,,,,1,,1,,,2,4,,,,,,
427,8/05/2017,4,A3,PLCO,1,26,,,,,,,,,,,,,,,,,,
466,8/05/2017,6,A3,PLCO,2,52,,,,,,3,1,,,,,2,,,,,,2
412,7/05/2017,3,A4,PLCO,1,26,,,,,,2,1,,,,,1,,,,,,
428,8/05/2017,4,A4,PLCO,1,26,,,,,,19,,,,,,,,,,,,
467,8/05/2017,6,A4,PLCO,2,52,,,,,,5,,,,,,,,,,,,
413,7/05/2017,3,A5,PLCO,1,26,,2,,1,,7,,,,,1,1,,,,,,
454,8/05/2017,5,A5,PLCO,1,26,,,,,,7,,,,,,,3,,,2,,
468,8/05/2017,6,A5,PLCO,2,52,,,,,,2,,,,,,7,,,,,,1
414,7/05/2017,3,A6,PLCO,1,26,,,,,,2,,,,,,2,,,,,,
429,8/05/2017,4,A6,PLCO,1,26,,,,,,,,,,,,,,,,,,2
455,8/05/2017,5,A6,PLCO,3,78,,,,,,2,,,,,,,2,,,,,
469,8/05/2017,6,A6,PLCO,1,26,,,,,,6,,,,,,,1,,,,,
415,7/05/2017,3,B1,PLCO,1,26,,,,,,,1,,,,,1,2,,,,,
430,8/05/2017,4,B1,PLCO,1,26,,,,,,7,,,,,,,4,,,,,
470,8/05/2017,6,B1,PLCO,2,52,,,,,,6,,,,,,2,,,,,,
431,8/05/2017,4,B2,PLCO,1,26,,,,,,9,,,,,,,2,,,,,
471,8/05/2017,6,B2,PLCO,1,26,,,,,,9,,2,,,,,,,,,,
432,8/05/2017,4,B3,PLCO,1,26,,,,,,7,,,,,,,,,,,,
456,8/05/2017,5,B3,PLCO,1,26,,,,,,9,,,,,,,4,,,,,
472,8/05/2017,6,B3,PLCO,1,26,,,,,,5,,,,,1,2,,,,,,
416,7/05/2017,3,B4,PLCO,1,26,,,,,,4,,,,,,,3,,,,,
473,8/05/2017,6,B4,PLCO,1,26,,,,,,7,,,,,,,,,,,,
433,8/05/2017,4,B5,PLCO,1,26,,,,,,12,,,,,,,,,,,,
474,8/05/2017,6,B5,PLCO,1,26,,,,,,4,,,,,,3,,,,,,
457,8/05/2017,5,B6,PLCO,1,26,,,,,,5,,,,,,1,,,,,,
475,8/05/2017,6,B6,PLCO,1,26,,,,,,2,,,,,,2,,,,,,2
476,8/05/2017,6,C1,PLCO,2,52,,,,,,7,,,,,,2,2,,,,,
434,8/05/2017,4,C2,PLCO,1,26,,,,,,4,,,,,,,,,,,,
458,8/05/2017,5,C2,PLCO,1,26,,,,,,6,,,,,,4,,,,,,
477,8/05/2017,6,C2,PLCO,2,52,,,,,,2,,,,,1,6,,,,,,
417,7/05/2017,3,C3,PLCO,2,52,,,,,,2,1,,,,,,,,,,,
435,8/05/2017,4,C3,PLCO,1,26,,,,,,14,,,,,,,,,,,,
478,8/05/2017,6,C3,PLCO,1,26,,,,,,3,,2,,,,4,1,,,,,
418,7/05/2017,3,C4,PLCO,2,52,,,,,,2,1,,,,,3,,,,,,
436,8/05/2017,4,C4,PLCO,1,26,,,,,,12,,,,,,,,,,,,
459,8/05/2017,5,C4,PLCO,1,26,,,,,,3,,,,,,1,4,,,,,
479,8/05/2017,6,C4,PLCO,1,26,,,,,,5,1,,,,,3,,,,,,
437,8/05/2017,4,C5,PLCO,1,26,,,,,,11,,,,,,,2,,,,,
480,8/05/2017,6,C5,PLCO,1,26,,,,,,4,,,,,1,2,,,,,,
438,8/05/2017,4,C6,PLCO,1,26,,,,,,8,,,,,,5,,,,,,
481,8/05/2017,6,C6,PLCO,2,52,,,,,,6,,,,,,4,,,,,,
439,8/05/2017,4,D1,PLCO,1,26,,,,,,8,,,,,,3,1,,,,,
482,8/05/2017,6,D1,PLCO,2,52,,,,,,8,,,,,,3,,,,,,
440,8/05/2017,4,D2,PLCO,1,26,,,,,,6,,,,,,4,7,,,,,
483,8/05/2017,6,D2,PLCO,1,26,,,,,,9,,,,,,1,,,,,,
419,7/05/2017,3,D3,PLCO,2,52,,,,,,5,,,,,,2,,,,,,
441,8/05/2017,4,D3,PLCO,2,52,,,,,,5,,,,,1,6,,,,,,
420,7/05/2017,3,D4,PLCO,1,26,,,,,,4,1,,,,,,,,,,,
442,8/05/2017,4,D4,PLCO,1,26,,,,,,11,,,,,,,,,,,,
460,8/05/2017,5,D4,PLCO,2,52,,,,,,8,,,,,,1,1,,,,,
484,8/05/2017,6,D4,PLCO,2,52,,,,,,7,,,,,,2,,,1,,,
421,7/05/2017,3,D5,PLCO,1,26,,,,,,,,,,,,,,,,,,
443,8/05/2017,4,D5,PLCO,3,78,,,,,,1,,,,,,1,,,,,,
461,8/05/2017,5,D5,PLCO,1,26,,,,,,11,,,,,,,,,,,,
485,8/05/2017,6,D5,PLCO,1,26,,,,,,8,,,,,,5,2,,,,,
422,7/05/2017,3,D6,PLCO,2,52,,,,,,5,,,,,,2,4,,,,,
444,8/05/2017,4,D6,PLCO,1,26,,,,,,8,,,,,,,2,,,,,
462,8/05/2017,5,D6,PLCO,2,52,,,,,,6,,,,,,4,1,,,,,
486,8/05/2017,6,D6,PLCO,2,52,,,,,,2,,,,,,6,,,,,,
423,7/05/2017,3,E1,PLCO,1,26,,,,,,4,,,,,,1,,,,,,
445,8/05/2017,4,E1,PLCO,1,26,,,,,,7,,,,,,3,3,,,,,
487,8/05/2017,6,E1,PLCO,1,26,,,,,,4,,,,,,4,2,,,,,
446,8/05/2017,4,E2,PLCO,1,26,,,,,,5,,,,,,2,1,,,,,
488,8/05/2017,6,E2,PLCO,1,26,,,,,,6,,,,,,,2,,,,,
424,7/05/2017,3,E3,PLCO,1,26,,,,,,6,,,,,,2,,,,,,
447,8/05/2017,4,E3,PLCO,2,52,,,,,,6,,,,,,3,5,,,,,
489,8/05/2017,6,E3,PLCO,1,26,,,,,,3,,1,,,,,4,,,,,
448,8/05/2017,4,E4,PLCO,1,26,,,,,,8,,,,,,,,,,,,
463,8/05/2017,5,E4,PLCO,1,26,,,,,,4,,,,,,1,,,,,,
490,8/05/2017,6,E4,PLCO,1,26,,,,,,8,,,,,,5,1,,,,,
449,8/05/2017,4,E5,PLCO,1,26,,,,,,6,,,,,,1,1,,,,,
491,8/05/2017,6,E5,PLCO,1,26,,,,,,4,,,,,,4,,,,,,
425,7/05/2017,3,E6,PLCO,2,52,,,,,,15,,,,,,3,,,,,,
492,8/05/2017,6,E6,PLCO,1,26,,,,,,1,,,,,,5,,,,,,
410,7/05/2017,1,F1,PLCO,1,26,,,,,,6,,,,,,,2,,,,,
450,8/05/2017,4,F1,PLCO,2,52,,,,,,7,,,,,,4,2,,,,,
493,8/05/2017,6,F1,PLCO,2,52,,,,,,8,,,,,,5,,,,,,
451,8/05/2017,4,F2,PLCO,1,26,,,,,,8,,,,,,3,,,,,,
494,8/05/2017,6,F2,PLCO,1,26,,,,,,5,,2,,,,4,1,,,,,
452,8/05/2017,4,F3,PLCO,1,26,,,,,,7,,,,,,10,,,,,,
495,8/05/2017,6,F3,PLCO,1,26,,,,,,6,,2,,,,6,2,,,,,
426,7/05/2017,3,F4,PLCO,1,26,,,,,,10,,,,,,1,,,,,,
453,8/05/2017,4,F4,PLCO,1,26,,,,,,9,,,,,,3,3,,,,,
496,8/05/2017,6,F4,PLCO,1,26,,,,,,7,,,,,,1,5,,,,,
497,8/05/2017,6,F5,PLCO,2,52,,,,,,5,,,,,,2,5,,,,,
498,8/05/2017,6,F6,PLCO,2,52,,,,,,7,,,,,,1,,,,,,
715,8/05/2017,1,A1,POMA,1,62,,,,,,17,,,,,,,,,,,,
750,8/05/2017,2,A1,POMA,1,62,,,,,,22,,,,,,,,,,,,
785,8/05/2017,3,A1,POMA,2,124,,,,,,2,,,,,,,1,,,,,
821,8/05/2017,4,A1,POMA,2,124,,,,,,9,,,,,3,,1,,,,,
857,8/05/2017,5,A1,POMA,1,62,,,,,,19,,,,,,,1,,,,,
893,8/05/2017,6,A1,POMA,1,62,,,,,,2,,,,,,6,9,,,,,
751,8/05/2017,2,A2,POMA,1,62,,,,,,19,,,,,2,,1,,,,,
786,8/05/2017,3,A2,POMA,1,62,,,,,,4,,,,,,,2,,,,,
822,8/05/2017,4,A2,POMA,1,62,,,,,,21,,,,,,,1,,,,,
858,8/05/2017,5,A2,POMA,3,186,,,,,,17,,,,,,,1,,,,,
894,8/05/2017,6,A2,POMA,3,186,,,,,,12,,,,,,,5,,,,,
716,8/05/2017,1,A3,POMA,2,124,,,,,,19,,,,,,,,,,,,
752,8/05/2017,2,A3,POMA,2,124,,,,,,24,,,,,,,,,,,,
787,8/05/2017,3,A3,POMA,1,62,,,,,,3,,,,1,,,,,,,,
823,8/05/2017,4,A3,POMA,1,62,,,,,,19,,,,,,,1,,,,,
859,8/05/2017,5,A3,POMA,1,62,,,,,,6,,,,,,,4,,,,,
895,8/05/2017,6,A3,POMA,1,62,,,,,,10,,,,,,,4,,1,,,
717,8/05/2017,1,A4,POMA,1,62,,,,,,17,,,,,,,,,,,,
753,8/05/2017,2,A4,POMA,1,62,,,,,,20,,,,,,,4,,,,,
788,8/05/2017,3,A4,POMA,1,62,,,,,,9,1,,,,,,3,,,,,
824,8/05/2017,4,A4,POMA,1,62,,,,,,14,,,,,,,2,,,,,
860,8/05/2017,5,A4,POMA,1,62,,,,,,24,,,,,,,1,,,,,
896,8/05/2017,6,A4,POMA,1,62,,,,,,7,,,,,,7,3,,,,,
718,8/05/2017,1,A5,POMA,1,62,,,,,,20,,,,,,,1,,,,,
754,8/05/2017,2,A5,POMA,1,62,,,,,,17,,,,,,,6,,,,,
789,8/05/2017,3,A5,POMA,2,124,,,,1,,5,,,,,,,1,,,,,
825,8/05/2017,4,A5,POMA,1,62,,,,,,17,,,,,,,3,,,,,
861,8/05/2017,5,A5,POMA,1,62,,,,,,9,2,,,,,,3,,,,,
897,8/05/2017,6,A5,POMA,2,124,,,,,,,,,,,1,6,8,,,,,
719,8/05/2017,1,A6,POMA,2,124,,,,,,22,,,,,,,,,,,,
755,8/05/2017,2,A6,POMA,1,62,,,,,,15,,,,,,,,,,,,
790,8/05/2017,3,A6,POMA,1,62,,,,,,10,,,,,,,2,,,,,
826,8/05/2017,4,A6,POMA,2,124,,,,,,19,,,,,,,1,,,,,
862,8/05/2017,5,A6,POMA,1,62,,2,,,,3,,,,,,,4,,,,,
898,8/05/2017,6,A6,POMA,2,124,,,,,,8,,,,,,3,1,,,,,
720,8/05/2017,1,B1,POMA,1,62,,,,,,12,,,,,,,,,,,,
756,8/05/2017,2,B1,POMA,2,124,,,,,,21,,,,,,,,,,,,
791,8/05/2017,3,B1,POMA,1,62,,,,2,,7,,,,,,,1,,,,,
827,8/05/2017,4,B1,POMA,1,62,,,,,,12,,,,,,,3,,1,,,
863,8/05/2017,5,B1,POMA,2,124,,,,,,26,,,,,,,,,,,,
899,8/05/2017,6,B1,POMA,1,62,,,,,,12,,,,,,2,6,,,,,
721,8/05/2017,1,B2,POMA,1,62,,,,,,15,,,,,,,1,,,,,
757,8/05/2017,2,B2,POMA,1,62,,,,,,25,,,,,,,,,,,,
792,8/05/2017,3,B2,POMA,3,186,,,,,,2,,,,,,,4,,,,,
828,8/05/2017,4,B2,POMA,1,62,,,,,,22,,,,,,,2,,,,,
864,8/05/2017,5,B2,POMA,1,62,,,,,,24,,,,,,,,,,,,
900,8/05/2017,6,B2,POMA,2,124,,,,,,1,,,,,,3,3,,,,,
722,8/05/2017,1,B3,POMA,2,124,,,,,,19,,,,,,,1,,,,,
758,8/05/2017,2,B3,POMA,1,62,,,,,,23,,,,,,,,,,,,
793,8/05/2017,3,B3,POMA,1,62,,,,,,6,1,,,,,,,,,,,
829,8/05/2017,4,B3,POMA,2,124,,,,,,23,,,,,,,1,,,,,
865,8/05/2017,5,B3,POMA,2,124,,,,,,2,,,,,,,2,,1,,,
901,8/05/2017,6,B3,POMA,1,62,,,,,,5,,,,,,2,6,,,,,
723,8/05/2017,1,B4,POMA,1,62,,,,,,16,,,,,1,,,,,,,
759,8/05/2017,2,B4,POMA,1,62,,,,,,15,,,,,,,,,,,,
794,8/05/2017,3,B4,POMA,2,124,,,,,,9,,,,,,,3,,,,,
830,8/05/2017,4,B4,POMA,2,124,,,,,,20,,,,,,,,,,,,
866,8/05/2017,5,B4,POMA,1,62,,,,,,10,1,,,,,,,,,,,
902,8/05/2017,6,B4,POMA,3,186,,,,,,10,,,,,,4,2,,,,,
724,8/05/2017,1,B5,POMA,1,62,,,,,,10,,,,,2,,,,,,,
760,8/05/2017,2,B5,POMA,1,62,,,,,,17,,,,,2,,1,,,,,
795,8/05/2017,3,B5,POMA,1,62,,,,,,11,,,,,,,5,,,,,
831,8/05/2017,4,B5,POMA,2,124,,,,,,17,,,,,,,,,,,,
867,8/05/2017,5,B5,POMA,1,62,,,,,,14,,,,,,,7,,,,,
903,8/05/2017,6,B5,POMA,1,62,,,,,,2,,,,,,5,1,,,,,2
725,8/05/2017,1,B6,POMA,1,62,,,,,,16,,,,,,,,,,,,
761,8/05/2017,2,B6,POMA,3,186,,,,,,24,,,,,,,,,,,,
796,8/05/2017,3,B6,POMA,1,62,,,,,,12,,,,,,,4,,,,,
832,8/05/2017,4,B6,POMA,1,62,,,,,,15,,,,,,,2,,,,,
868,8/05/2017,5,B6,POMA,2,124,,,,,,19,,,,,,,5,,,,,
904,8/05/2017,6,B6,POMA,2,124,,,,,,11,,,,,,,4,,,,,
726,8/05/2017,1,C1,POMA,1,62,,,,,,16,,,,,,,2,,,,,
762,8/05/2017,2,C1,POMA,2,124,,,,,,20,,,,,,,,,,,,
797,8/05/2017,3,C1,POMA,1,62,,,,2,,7,,,,,,,,,,,,
833,8/05/2017,4,C1,POMA,1,62,,,,,,15,,,,,,,3,,,,,
869,8/05/2017,5,C1,POMA,1,62,,,,,,22,,,,,,,1,,,,,
905,8/05/2017,6,C1,POMA,1,62,,,,,,14,,,,,,,4,,,,,
727,8/05/2017,1,C2,POMA,1,62,,,,,,17,,,,,,,,,,,,
763,8/05/2017,2,C2,POMA,2,124,,,,,,22,,,,,,,,,,,,
798,8/05/2017,3,C2,POMA,4,248,,,,,,9,,,,,,,,,,,,
834,8/05/2017,4,C2,POMA,1,62,,,,,,20,,,,,,,1,,,,,
870,8/05/2017,5,C2,POMA,1,62,,,,,,19,,,,,1,,4,,,,,
906,8/05/2017,6,C2,POMA,1,62,,,,,,2,,,,,,6,1,,,,,1
728,8/05/2017,1,C3,POMA,2,124,,,,,,15,,,,,2,,,,,,,
764,8/05/2017,2,C3,POMA,1,62,,,,,,24,,,,,,,,,,,,
799,8/05/2017,3,C3,POMA,1,62,,,,,,,2,,,,,2,1,,,,,
835,8/05/2017,4,C3,POMA,1,62,,,,,,18,,,,,,,2,,,,,
871,8/05/2017,5,C3,POMA,1,62,,,,,,11,,,,,,,6,,,,,
907,8/05/2017,6,C3,POMA,2,124,,,,,,7,,,,,,4,2,,,,,
729,8/05/2017,1,C4,POMA,1,62,,,,,,20,,,,,,,,,,,,
765,8/05/2017,2,C4,POMA,2,124,,,,,,16,,,,,,,,,,,,
800,8/05/2017,3,C4,POMA,1,62,,,,,,4,,,,,,2,1,,,,,
836,8/05/2017,4,C4,POMA,1,62,,,,,,12,,,,,,,4,,,,,1
872,8/05/2017,5,C4,POMA,2,124,,,,,,5,,,,,,,1,,,,,
908,8/05/2017,6,C4,POMA,2,124,,,,,,15,,,,,,1,,,,,,
730,8/05/2017,1,C5,POMA,1,62,,,,,,9,,,,,,,,,,,,
766,8/05/2017,2,C5,POMA,1,62,,,,,,19,,,,,,,1,,,,,
801,8/05/2017,3,C5,POMA,2,124,,,,,,7,,,,,2,,4,,,,,
837,8/05/2017,4,C5,POMA,1,62,,,,,,15,,,,,,,5,,,,,
873,8/05/2017,5,C5,POMA,1,62,,,,,,9,,,,,,,2,,,,,
909,8/05/2017,6,C5,POMA,2,124,,,,,,9,,,,,,,3,,,,,
731,8/05/2017,1,C6,POMA,1,62,,,,,,11,,,,,1,,2,,,,,
767,8/05/2017,2,C6,POMA,1,62,,,,,,20,,,,,,,2,,,,,
802,8/05/2017,3,C6,POMA,2,124,,,,,,9,,,,,,,1,,,,,
838,8/05/2017,4,C6,POMA,2,124,,,,,,11,,,,,,,3,,,,,
874,8/05/2017,5,C6,POMA,2,124,,,,,,14,,,,,,,2,,,,,
910,8/05/2017,6,C6,POMA,1,62,,,,,,3,,,,,,5,3,,,,,
732,8/05/2017,1,D1,POMA,1,62,,,,,,12,,,,,,,1,,,,,
768,8/05/2017,2,D1,POMA,1,62,,,,,,15,,,,,,,1,,,,,
803,8/05/2017,3,D1,POMA,2,124,,,,1,,15,,,,,,,,,,,,
839,8/05/2017,4,D1,POMA,1,62,,,,,,20,,,,,,,5,,,,,
875,8/05/2017,5,D1,POMA,2,124,,,,,,23,,,,,,,2,,,,,
911,8/05/2017,6,D1,POMA,1,62,,,,,,6,,,,,,,9,,,,,
733,8/05/2017,1,D2,POMA,1,62,,,,,,9,,,,,,,2,,,,,
769,8/05/2017,2,D2,POMA,2,124,,,,,,16,,,,,,,,,,,,
804,8/05/2017,3,D2,POMA,1,62,,,,,,7,,,,,,,3,,,,,
840,8/05/2017,4,D2,POMA,2,124,,,,,,11,,,,,,,7,,,,,
876,8/05/2017,5,D2,POMA,1,62,,,,,,26,,,,,,,,,,,,
912,8/05/2017,6,D2,POMA,3,186,,,,,,12,,,,,,3,4,,,,,
734,8/05/2017,1,D3,POMA,2,124,,,,,,14,,,,,,,,,,,,
770,8/05/2017,2,D3,POMA,1,62,,,,,,10,,,,,,,8,,,,,
805,8/05/2017,3,D3,POMA,1,62,,,,,,1,,,,,2,,3,,,,,
841,8/05/2017,4,D3,POMA,2,124,,,,,,5,,,,,,3,,,1,,,
877,8/05/2017,5,D3,POMA,1,62,,,,,,19,,,,,,,5,,,,,
913,8/05/2017,6,D3,POMA,1,62,,,,,,3,,,,,,,5,,,,,
735,8/05/2017,1,D4,POMA,1,62,,,,,,,,,,,,,1,,,,,
771,8/05/2017,2,D4,POMA,2,124,,,,,,17,,,,1,,,,,,,,
806,8/05/2017,3,D4,POMA,1,62,,,,,,6,,,,,,,3,,,,,
842,8/05/2017,4,D4,POMA,1,62,,,,,,15,,,,,,,6,,,,,
878,8/05/2017,5,D4,POMA,3,186,,,,,,10,,,,,,,6,,,,,
914,8/05/2017,6,D4,POMA,3,186,,,,,,2,,,,,,,11,,,,,
736,8/05/2017,1,D5,POMA,1,62,,,,,,11,,,,,,,1,,,,,
772,8/05/2017,2,D5,POMA,1,62,,,,,,20,,,,,,,,,,,,
807,8/05/2017,3,D5,POMA,1,62,,,,,,7,,,,,,,9,,,,,
843,8/05/2017,4,D5,POMA,1,62,,,,,,10,,,,,,,9,,,,,
879,8/05/2017,5,D5,POMA,1,62,,,,,,9,1,,,,,,6,,,,,
915,8/05/2017,6,D5,POMA,1,62,,,,,,12,,,,,,1,3,,,,,
737,8/05/2017,1,D6,POMA,1,62,,,,,,19,,,,,,,,2,,,,
808,8/05/2017,3,D6,POMA,1,62,,,,,,15,,,,,,,12,,,,,
844,8/05/2017,4,D6,POMA,1,62,,,,,,17,,,,,,,3,,,,,
880,8/05/2017,5,D6,POMA,1,62,,,,,,12,,,,,,,5,,,,,
916,8/05/2017,6,D6,POMA,1,62,,,,,,7,,,,,,,4,,,,,
738,8/05/2017,1,E1,POMA,2,124,,,,,,12,,,,,2,,1,,,,,
773,8/05/2017,2,E1,POMA,1,62,,,,,,5,,,,,,,1,,,,,
809,8/05/2017,3,E1,POMA,2,124,,,,,,9,,,,,,,4,,,,,
845,8/05/2017,4,E1,POMA,2,124,,,,,,15,,,,,,,4,,,,,
881,8/05/2017,5,E1,POMA,1,62,,,,,,26,,,,,,,1,,,,,
917,8/05/2017,6,E1,POMA,1,62,,,,,,5,,,,,,6,11,,,,,
1529,31/05/2017,8,E1,POMA,1,62,,,,,,,,2,,,,,1,,,,,
739,8/05/2017,1,E2,POMA,1,62,,,,,,14,,,,,,,1,,,,,
774,8/05/2017,2,E2,POMA,1,62,,,,,,6,,,,,3,,1,,,,,
810,8/05/2017,3,E2,POMA,1,62,,,,,,7,,,,,,,1,,1,,,
846,8/05/2017,4,E2,POMA,2,124,,,,,,14,,,,,,,1,,,,,
882,8/05/2017,5,E2,POMA,2,124,,,,,,22,,,,,,,2,,,,,
918,8/05/2017,6,E2,POMA,3,186,,,,,,9,,,,,,2,7,,,,,
1530,31/05/2017,8,E2,POMA,3,186,,,,,,,,2,,,,,4,,,,,
740,8/05/2017,1,E3,POMA,1,62,,,,,,11,,,,,,,,,,,,
775,8/05/2017,2,E3,POMA,3,186,,,,,,15,,,,1,,,,,,,,
811,8/05/2017,3,E3,POMA,2,124,,,,,,11,,,,,,,,,,,,
847,8/05/2017,4,E3,POMA,1,62,,,,,,8,1,,,,,,2,,,,,
883,8/05/2017,5,E3,POMA,1,62,,,,,,27,,,,,,,2,,,,,
919,8/05/2017,6,E3,POMA,1,62,,,,,,7,,,,,,3,6,,,,,
1531,31/05/2017,8,E3,POMA,7,434,,,,,,,,,,,,,,,2,,,
741,8/05/2017,1,E4,POMA,1,62,,,,,,9,,,,,,,3,,,,,
776,8/05/2017,2,E4,POMA,1,62,,,,,,12,,,,,,,,,,,,
812,8/05/2017,3,E4,POMA,1,62,,,,,,17,,,,,,,2,,,,,
848,8/05/2017,4,E4,POMA,2,124,,,,,,15,,,,,,,2,,,,,
884,8/05/2017,5,E4,POMA,1,62,,,,,,25,,,,,,,3,,,,,
920,8/05/2017,6,E4,POMA,3,186,,,,,,5,,,,,,2,4,,,,,
1532,31/05/2017,8,E4,POMA,10,620,,,,,,,,,,,,,,,3,,,
742,8/05/2017,1,E5,POMA,1,62,,,,,,14,,,,,1,,,,,,,
777,8/05/2017,2,E5,POMA,1,62,,,,,,,,,,,,,,,,,,
813,8/05/2017,3,E5,POMA,1,62,,,,,,9,,,,,2,,5,,,,,
849,8/05/2017,4,E5,POMA,1,62,,,,,,11,,,,,,,3,,,,,
885,8/05/2017,5,E5,POMA,1,62,,,,,,8,,,,,,,2,,,,,
921,8/05/2017,6,E5,POMA,1,62,,,,,,11,,,,,,,5,,,,,
1533,31/05/2017,8,E5,POMA,12,744,,,,,,,,,,,,,,,3,,,
743,8/05/2017,1,E6,POMA,2,124,,,,,,16,,,,,2,,,,,,,
778,8/05/2017,2,E6,POMA,3,186,,,,,,15,,,,,,,4,,,,,
814,8/05/2017,3,E6,POMA,1,62,,,,,,5,,,,,1,,3,,,,,
850,8/05/2017,4,E6,POMA,2,124,,,,,,20,,,,,,,4,,,,,
886,8/05/2017,5,E6,POMA,3,186,,,,,,9,,,,,,,4,,,,,
922,8/05/2017,6,E6,POMA,1,62,,,,,,7,,,,,,2,3,,,,,
1534,31/05/2017,8,E6,POMA,11,682,,,,,,,,,,,,,,,5,,,
744,8/05/2017,1,F1,POMA,1,62,,,,,,12,,,,,,,,,,,,
779,8/05/2017,2,F1,POMA,1,62,,,,,,17,,,,,,,,,,,,
815,8/05/2017,3,F1,POMA,1,62,,,,,,7,,,,,,,2,,1,,,
851,8/05/2017,4,F1,POMA,1,62,,,,,,19,,,,,,,1,,,,,
887,8/05/2017,5,F1,POMA,1,62,,,,,,24,,,,,,,1,,,,,
923,8/05/2017,6,F1,POMA,1,62,,,,,,9,,,,,,2,6,,,,,
745,8/05/2017,1,F2,POMA,2,124,,,,,,17,,,,,,,,,,,,
780,8/05/2017,2,F2,POMA,1,62,,,,,,7,,,,1,,,,,,,,
816,8/05/2017,3,F2,POMA,1,62,,,,,,9,,,,,1,,1,,,,,
852,8/05/2017,4,F2,POMA,1,62,,,,,,15,,,,,,,5,,,,,
888,8/05/2017,5,F2,POMA,3,186,,,,,,26,,,,,,,2,,,,,
924,8/05/2017,6,F2,POMA,2,124,,,,,,14,,,,,,,3,,,,,
746,8/05/2017,1,F3,POMA,1,62,,,,,,14,,,,,,,,,,,,
781,8/05/2017,2,F3,POMA,1,62,,,,,,19,,,,,,,,,,,,
817,8/05/2017,3,F3,POMA,1,62,,,,,,16,,,,,3,,2,3,,,,
853,8/05/2017,4,F3,POMA,1,62,,,,,,9,,,,,,,4,,,,,
889,8/05/2017,5,F3,POMA,1,62,,,,,,21,,,,,,,1,,,,,
925,8/05/2017,6,F3,POMA,1,62,,,,,,22,,,,,,,4,,,,,
747,8/05/2017,1,F4,POMA,1,62,,,,,,10,,,,,,,,,,,,
782,8/05/2017,2,F4,POMA,1,62,,,,,,18,,,,,,,,,,,,
818,8/05/2017,3,F4,POMA,1,62,,,,,,5,,,,,1,,1,,,,,
854,8/05/2017,4,F4,POMA,1,62,,,,,,17,,,,,,,,,,,,
890,8/05/2017,5,F4,POMA,2,124,,,,,,25,,,,,,,2,,,,,
926,8/05/2017,6,F4,POMA,1,62,,,,,,20,,,,,,,3,,,,,
748,8/05/2017,1,F5,POMA,2,124,,,,,,7,,,,1,,,1,,,,,
783,8/05/2017,2,F5,POMA,1,62,,,,,,20,,,,,,,2,,,,,
819,8/05/2017,3,F5,POMA,1,62,,,,,,11,,,,,1,,1,,,,,
855,8/05/2017,4,F5,POMA,1,62,,,,,,20,,,,,,,,,,,,
891,8/05/2017,5,F5,POMA,1,62,,,,,,20,,,,,,,1,,,,,
927,8/05/2017,6,F5,POMA,3,186,,,,,,15,,,,,,,6,,,,,
749,8/05/2017,1,F6,POMA,1,62,,,,,,19,,,,3,,,,,,,,
784,8/05/2017,2,F6,POMA,1,62,,,,,,15,1,,,,,,,,,,,
820,8/05/2017,3,F6,POMA,2,124,,,,,,5,,,,,,,2,,1,,,
856,8/05/2017,4,F6,POMA,3,186,,,,,,14,,,,,,,5,,1,,,
892,8/05/2017,5,F6,POMA,1,62,,,,,,16,,,,,,,4,,1,,,
928,8/05/2017,6,F6,POMA,1,62,,,,,,7,1,,,,,,3,,,,,
938,8/05/2017,4,B1,POMO,2,124,,,,,,14,,,,,,,4,,,,,
929,8/05/2017,2,C1,POMO,1,62,,,,,,14,,,,,,,2,6,,,,
939,8/05/2017,4,C2,POMO,1,62,,,,,,16,,,,,,,5,,,,,
930,8/05/2017,2,C3,POMO,3,186,,,,,,7,,,,,,,,2,,,,
931,8/05/2017,2,C4,POMO,1,62,,,,,,12,,,,,,,,1,,,,
932,8/05/2017,2,C5,POMO,1,62,,,,,,15,,,,,,1,,1,,,,
933,8/05/2017,2,C6,POMO,1,62,,,,,,6,,,,,,1,,4,,,,
934,8/05/2017,2,D1,POMO,3,186,,,,,,7,,,,,,,,1,,,,
935,8/05/2017,2,D4,POMO,1,62,,,,,,9,,,,,,,,2,,,,
936,8/05/2017,2,E4,POMO,3,186,,,,,,9,,,,,,,,1,,,,
937,8/05/2017,3,F2,POMO,1,62,,,,,,4,,,,,3,,2,3,,,,
1297,29/05/2017,1,A1,PUPA,11,528,,1,,,,16,,,,,4,,,,,1,,
1328,29/05/2017,2,A1,PUPA,6,288,,,,,,24,,,,,,,,,,,,
1361,30/05/2017,3,A1,PUPA,9,432,,,,,,4,,,,,,,,,,7,,
1395,30/05/2017,4,A1,PUPA,26,1248,,,,,,14,,,,,,,,,,,,
1422,30/05/2017,5,A1,PUPA,4,192,,,,,,16,,,,,,,1,,,,,
1329,29/05/2017,2,A2,PUPA,5,240,,,,,,11,,,,,1,2,,,,2,,
1362,30/05/2017,3,A2,PUPA,50,2400,,,,,,3,,,,,,,,,,2,,
1396,30/05/2017,4,A2,PUPA,6,288,,,,,,16,,,,,,,,,2,1,,
1451,30/05/2017,6,A2,PUPA,4,192,,,,,,3,,,,,,,,,,,,
1298,29/05/2017,1,A3,PUPA,8,384,,,,,,14,,,,,,,,,,1,,
1330,29/05/2017,2,A3,PUPA,1,48,,,,,,29,,,,,,,,,3,,,
1363,30/05/2017,3,A3,PUPA,40,1920,,,,,,6,,,,,,,,,,,,
1397,30/05/2017,4,A3,PUPA,5,240,,,,,,20,,,,,,,,,,,,
1423,30/05/2017,5,A3,PUPA,4,192,,,,,,9,,,,,,,,,,,,
1452,30/05/2017,6,A3,PUPA,8,384,,,,,,6,,,,,,,,,,,,
1502,31/05/2017,8,A3,PUPA,20,960,,,,,,,,,,,,,,,2,,,
1299,29/05/2017,1,A4,PUPA,4,192,,,,,,16,,,,,,,,,,3,,
1331,29/05/2017,2,A4,PUPA,3,144,,1,,,,19,,,,,2,,,,2,,,
1364,30/05/2017,3,A4,PUPA,45,2160,,1,,,,5,,,,,,,,,,,,
1424,30/05/2017,5,A4,PUPA,6,288,,,,,,22,,,,,,,3,,,,,
1503,31/05/2017,8,A4,PUPA,7,336,,,,,,,,,,,,,,,5,,,
1300,29/05/2017,1,A5,PUPA,8,384,,,,,,22,,,,,1,,,,,,,
1332,29/05/2017,2,A5,PUPA,9,432,,,,,,17,,,,,1,,,,7,,,
1365,30/05/2017,3,A5,PUPA,60,2880,,2,,,,,,,,,,,,,,2,,
1425,30/05/2017,5,A5,PUPA,60,2880,,,,,,9,,,,,,,,,,3,,
1453,30/05/2017,6,A5,PUPA,4,192,,,,,,7,,,,,,5,,,,,,
1504,31/05/2017,8,A5,PUPA,5,240,,,,,,,,,,,,,,,10,,,
1301,29/05/2017,1,A6,PUPA,38,1824,,,,,,24,,,,,1,,,,,,,
1333,29/05/2017,2,A6,PUPA,7,336,,,,,,16,,,,,,,,,,1,,
1366,30/05/2017,3,A6,PUPA,5,240,,,,,,9,,,,,,,,,,,,
1398,30/05/2017,4,A6,PUPA,2,96,,,,,,19,,,,,,,,,,,,
1426,30/05/2017,5,A6,PUPA,15,720,,,,,,8,,,,,,2,3,,2,,,
1505,31/05/2017,8,A6,PUPA,8,384,,,,,,,,,,,,,,,12,,,
1302,29/05/2017,1,B1,PUPA,7,336,,,,,,14,,,,,4,,,,,,,
1334,29/05/2017,2,B1,PUPA,5,240,,,,,,21,,,,,,,,,,,,
1367,30/05/2017,3,B1,PUPA,40,1920,,,,,,14,,,,,,,,,,,,
1399,30/05/2017,4,B1,PUPA,12,576,,,,,,14,,,,,,,2,,2,,,
1427,30/05/2017,5,B1,PUPA,9,432,,,,,,18,,,,,,,,,,,,
1454,30/05/2017,6,B1,PUPA,3,144,,,,,,7,,,,,,3,,,,1,,
1303,29/05/2017,1,B2,PUPA,7,336,,,,,,14,,,,,3,,,,,1,,
1335,29/05/2017,2,B2,PUPA,8,384,1,,,,,15,,,,,,,,,,1,,
1368,30/05/2017,3,B2,PUPA,14,672,,2,,,,,,,,,,,,,,,,
1400,30/05/2017,4,B2,PUPA,10,480,,,,,,20,,,,,,,,,,,,
1428,30/05/2017,5,B2,PUPA,4,192,,,,,,12,,,,,1,,,,,,,
1455,30/05/2017,6,B2,PUPA,3,144,,,,,,7,,,,,,4,,,,,,
1304,29/05/2017,1,B3,PUPA,7,336,,4,,,,16,,,,,1,,,,,3,,
1336,29/05/2017,2,B3,PUPA,2,96,,,,,,17,,,,,1,,,,4,,,
1401,30/05/2017,4,B3,PUPA,11,528,,,,,,12,,,,,,,,,,,,
1429,30/05/2017,5,B3,PUPA,25,1200,,,,,,18,,,,,,,,,1,,,
1305,29/05/2017,1,B4,PUPA,7,336,,,,,,12,,,,,3,,,,,,,
1337,29/05/2017,2,B4,PUPA,5,240,,,,,,19,,,,,1,,,,,,,
1369,30/05/2017,3,B4,PUPA,20,960,,1,,,,12,,,,,,,,,,,,
1402,30/05/2017,4,B4,PUPA,12,576,,,,,,14,,,,,,,,,,,,
1430,30/05/2017,5,B4,PUPA,4,192,,,,,,15,,,,,,,,,,,,
1456,30/05/2017,6,B4,PUPA,2,96,,,,,,12,,,,,,,,,,,,
1506,31/05/2017,8,B4,PUPA,7,336,,,,,,,,,,,,,,,3,,,
1306,29/05/2017,1,B5,PUPA,6,288,,,,,,14,,,,,,,,,,,,
1338,29/05/2017,2,B5,PUPA,7,336,,,,,,21,,,,,3,,,,5,,,
1370,30/05/2017,3,B5,PUPA,60,2880,,,,,,16,,,,,,,,,,,,
1403,30/05/2017,4,B5,PUPA,6,288,,,,,,16,,,,,,,1,,,,,
1431,30/05/2017,5,B5,PUPA,2,96,,,,,,7,,,,,,,7,,,,,
1507,31/05/2017,8,B5,PUPA,11,528,,,,,,,,,,,,,,,2,,,
1307,29/05/2017,1,B6,PUPA,7,336,,,,,,16,,,,,,,,,3,,,
1339,29/05/2017,2,B6,PUPA,9,432,,,,,,26,,,,,,,,,2,,,
1432,30/05/2017,5,B6,PUPA,15,720,,,,,,11,,,,,,,,,,,,
1457,30/05/2017,6,B6,PUPA,5,240,,,,,,15,,,,,,3,,,,,,
1508,31/05/2017,8,B6,PUPA,15,720,,,,,,,,,,,,,,,4,,,
1371,30/05/2017,3,C1,PUPA,12,576,,1,,1,,,,,,,,,,,,1,,
1404,30/05/2017,4,C1,PUPA,20,960,,,,,,14,,,,,,,2,,2,,,
1433,30/05/2017,5,C1,PUPA,5,240,,,,,,16,,,,,,,3,,1,,,
1308,29/05/2017,1,C2,PUPA,5,240,,,,,,17,,,,,4,,,,4,1,,
1340,29/05/2017,2,C2,PUPA,3,144,,,,,,20,,,,,,,,,5,,,
1372,30/05/2017,3,C2,PUPA,14,672,,,,,,2,,,,,,2,,,,,,
1405,30/05/2017,4,C2,PUPA,11,528,,,,,,16,,,,,,,3,,1,,,
1434,30/05/2017,5,C2,PUPA,5,240,,,,,,14,,,,,,,1,,,,,
1458,30/05/2017,6,C2,PUPA,6,288,,,,,,,,,,,,8,,,,,,
1309,29/05/2017,1,C3,PUPA,4,192,,,,,,14,,,,,3,,,,2,4,,
1341,29/05/2017,2,C3,PUPA,5,240,,,,,,20,,,,,1,,,,1,,,
1373,30/05/2017,3,C3,PUPA,12,576,,,,,,6,,,,,,3,,,,,,
1406,30/05/2017,4,C3,PUPA,9,432,,,,,,12,,,,,,,,,,,,
1435,30/05/2017,5,C3,PUPA,10,480,,,,,,15,,,,,,,,,1,,,
1509,31/05/2017,8,C3,PUPA,19,912,,,,,,,,,,,,,,,1,,,
1310,29/05/2017,1,C4,PUPA,8,384,,,,,,20,,,,,2,,,,,1,,
1342,29/05/2017,2,C4,PUPA,15,720,,3,,,,11,,,,,1,,,,2,,,
1374,30/05/2017,3,C4,PUPA,7,336,,,,,,,,,,,2,5,,,,,,
1407,30/05/2017,4,C4,PUPA,6,288,,,,,,14,,,,,1,,2,,,,,
1436,30/05/2017,5,C4,PUPA,4,192,,,,,,6,,,,,,,2,,,,,
1459,30/05/2017,6,C4,PUPA,1,48,,,,,,18,,,,,,,,,,,,
1510,31/05/2017,8,C4,PUPA,20,960,,,,,,,,,,,,,,,5,,,
1311,29/05/2017,1,C5,PUPA,4,192,,,,,,22,,,,,1,,,,,,,
1343,29/05/2017,2,C5,PUPA,4,192,,1,,,,15,,,,,,,,,6,,,
1375,30/05/2017,3,C5,PUPA,10,480,,1,,,,7,,,,,2,,,,,,,
1408,30/05/2017,4,C5,PUPA,5,240,,,,,,16,,,,,1,1,1,,,,,
1437,30/05/2017,5,C5,PUPA,15,720,,2,,,,9,,,,,,,,,,2,,
1460,30/05/2017,6,C5,PUPA,5,240,,,,,,15,,,,,,2,,,,,,
1511,31/05/2017,8,C5,PUPA,40,1920,,,,,,,,,,,,,,,4,,,
1312,29/05/2017,1,C6,PUPA,22,1056,,,,,,24,,,,,,,,5,,1,,
1344,29/05/2017,2,C6,PUPA,5,240,,,,,,14,,,,,,,,,4,,,
1376,30/05/2017,3,C6,PUPA,5,240,,,,,,18,,,,,1,,,,,,,
1409,30/05/2017,4,C6,PUPA,4,192,,,,,,17,,,,,,,4,,,,,
1438,30/05/2017,5,C6,PUPA,30,1440,,,,,,14,,,,,,,4,,,,,
1461,30/05/2017,6,C6,PUPA,25,1200,,,,,,8,,,,,,2,1,,,,,
1512,31/05/2017,8,C6,PUPA,30,1440,,,,,,,,,,,,,,,7,,,
1313,29/05/2017,1,D1,PUPA,11,528,,,,,,23,,,,,1,,,,,,,
1345,29/05/2017,2,D1,PUPA,5,240,,2,,,,17,,,,,,,,,,,,
1377,30/05/2017,3,D1,PUPA,50,2400,,,,,,15,,,,,,,,,1,2,,
1410,30/05/2017,4,D1,PUPA,7,336,,,,,,8,,,,,,,3,,,,,
1462,30/05/2017,6,D1,PUPA,2,96,,,,,,17,,,,,,,,,,,,
1314,29/05/2017,1,D2,PUPA,3,144,,,,,,11,,,,,4,2,,,4,,,
1346,29/05/2017,2,D2,PUPA,11,528,,,,,,14,,,,,,,,,4,,,
1378,30/05/2017,3,D2,PUPA,30,1440,,,,,,5,,,,,,,,,,,,
1411,30/05/2017,4,D2,PUPA,7,336,,,,,,12,,,,,,,3,,1,,,
1439,30/05/2017,5,D2,PUPA,5,240,,,,,,12,,,,,,,2,,3,,,
1463,30/05/2017,6,D2,PUPA,4,192,,,,,,18,,,,,,,,,,,,
1315,29/05/2017,1,D3,PUPA,4,192,,2,,,,20,,,,,2,,,,,,,
1347,29/05/2017,2,D3,PUPA,6,288,,1,,,,16,,,,,1,,2,,,,,
1379,30/05/2017,3,D3,PUPA,7,336,,1,,,,2,,,,,,4,,,,3,,
1412,30/05/2017,4,D3,PUPA,5,240,,,,,,12,,,,,,4,2,,,,,
1440,30/05/2017,5,D3,PUPA,3,144,,,,,,17,,,,,,,,,,,,
1464,30/05/2017,6,D3,PUPA,7,336,,,,,,12,,,,,1,,3,,,,,
1513,31/05/2017,8,D3,PUPA,14,672,,,,,,,,,,,,,,,3,,,
1348,29/05/2017,2,D4,PUPA,3,144,,1,,,,17,,,,,,,,,2,,,
1380,30/05/2017,3,D4,PUPA,9,432,,1,,,,5,,,,,,,2,,,,,
1413,30/05/2017,4,D4,PUPA,6,288,,,,,,15,,,,,,,,,,1,,
1441,30/05/2017,5,D4,PUPA,2,96,,,,,,7,,,,,,,,,1,,,
1465,30/05/2017,6,D4,PUPA,19,912,,,,,,17,,,,,,,,,,,,
1514,31/05/2017,8,D4,PUPA,25,1200,,,,,,,,,,,,,,,5,,,
1316,29/05/2017,1,D5,PUPA,12,576,,,,,,19,,,,,1,,,,,,,
1349,29/05/2017,2,D5,PUPA,6,288,,2,,,,17,,,,,,,,,5,,,
1381,30/05/2017,3,D5,PUPA,7,336,,,,,,3,,,,,1,,2,,,,,
1442,30/05/2017,5,D5,PUPA,11,528,,,,,,15,,,,,,,2,,,,,
1515,31/05/2017,8,D5,PUPA,19,912,,,,,,,,,,,,,,,2,,,
1317,29/05/2017,1,D6,PUPA,5,240,,,,,,20,,,,,,,3,,,3,,
1350,29/05/2017,2,D6,PUPA,4,192,,1,,,,16,,,,,,,1,,3,,,
1382,30/05/2017,3,D6,PUPA,12,576,,,,,,14,,,,,4,,,,,,,
1443,30/05/2017,5,D6,PUPA,15,720,,,,,,17,,,,,,,3,,,,,
1466,30/05/2017,6,D6,PUPA,4,192,,,,,,14,,,,,,,,,,,,
1516,31/05/2017,8,D6,PUPA,15,720,,,,,,,,,,,,,,,3,,,
1351,29/05/2017,2,E1,PUPA,3,144,,1,,,,15,,,,,1,,,,3,,,
1383,30/05/2017,3,E1,PUPA,30,1440,,,,,,9,,,,,,,,,,1,,
1414,30/05/2017,4,E1,PUPA,17,816,,,,,,9,,,,,,,,,,,,
1444,30/05/2017,5,E1,PUPA,5,240,,,,,,15,,,,,,,,,,,,
1517,31/05/2017,8,E1,PUPA,15,720,,,,,,,,2,,,,,,,2,,,
1318,29/05/2017,1,E2,PUPA,3,144,,,,,,10,,,,,2,,,,4,,,
1352,29/05/2017,2,E2,PUPA,5,240,,,,,,7,,,,,,,,,1,,,
1384,30/05/2017,3,E2,PUPA,8,384,,,,,,9,,,,,,2,,,2,,,
1415,30/05/2017,4,E2,PUPA,7,336,,,,,,11,,,,,,,1,,,,,
1518,31/05/2017,8,E2,PUPA,5,240,,,,,,,,,,,,,,,5,,,
1319,29/05/2017,1,E3,PUPA,6,288,,,,,,9,,,,,2,4,,,,,,
1385,30/05/2017,3,E3,PUPA,20,960,,,,,,3,,,,,,1,,,,,,
1445,30/05/2017,5,E3,PUPA,3,144,,,,,,17,,,,,,,2,,,1,,
1467,30/05/2017,6,E3,PUPA,5,240,,,,,,18,,,,,,,,,1,,,
1519,31/05/2017,8,E3,PUPA,15,720,,,,,,,,,,,,,,,4,,,
1353,29/05/2017,2,E4,PUPA,2,96,,,,,,10,,,,,2,,,,,,,
1386,30/05/2017,3,E4,PUPA,6,288,,,,,,17,,,,,,,1,,,,,
1416,30/05/2017,4,E4,PUPA,8,384,,,,,,9,,,,,,2,2,,1,,,
1446,30/05/2017,5,E4,PUPA,14,672,,,,,,17,,,,,,,,,,,,
1468,30/05/2017,6,E4,PUPA,5,240,,,,,,11,,,,,,2,,,,,,
1520,31/05/2017,8,E4,PUPA,12,576,,,,,,,,,,,,,,,4,,,
1320,29/05/2017,1,E5,PUPA,9,432,,,,,,16,,,,,2,,,,,,,
1354,29/05/2017,2,E5,PUPA,5,240,,,,,,12,,,,,,,,,,,,
1387,30/05/2017,3,E5,PUPA,25,1200,,,,,,3,,,,,,,2,,2,,,
1417,30/05/2017,4,E5,PUPA,30,1440,,,,,,17,,,,,,,5,,,,,
1447,30/05/2017,5,E5,PUPA,20,960,,,,,,18,,,,,,,3,,,,,
1469,30/05/2017,6,E5,PUPA,5,240,,,,,,11,,,,,,,,,,,,
1521,31/05/2017,8,E5,PUPA,15,720,,,,,,,,,,,,,,,4,,,
1321,29/05/2017,1,E6,PUPA,8,384,,,,,,17,,,,,,,,,5,2,,
1355,29/05/2017,2,E6,PUPA,3,144,,1,,,,17,,,,,,,2,,4,,,
1388,30/05/2017,3,E6,PUPA,8,384,,,,,,2,,,,,4,,,,,,,
1448,30/05/2017,5,E6,PUPA,14,672,,,,,,16,,,,,,,,,,4,,
1470,30/05/2017,6,E6,PUPA,12,576,,,,,,15,,,,,,3,,,,,,
1522,31/05/2017,8,E6,PUPA,16,768,,,,,,,,,,,,,,,6,,,
1322,29/05/2017,1,F1,PUPA,3,144,,,,,,16,,,,,1,,,,,,1,
1356,29/05/2017,2,F1,PUPA,9,432,,,,,,11,,,,,1,5,,,,,,
1389,30/05/2017,3,F1,PUPA,12,576,,,,,,6,,,,,,,4,,4,,,
1418,30/05/2017,4,F1,PUPA,14,672,,,,,,12,,,,,,2,,,,,,
1471,30/05/2017,6,F1,PUPA,4,192,,,,,,9,,,,,,,,,,,,
1523,31/05/2017,8,F1,PUPA,15,720,,,,,,,,2,,,,,,,,,,
1323,29/05/2017,1,F2,PUPA,3,144,,,,,,11,,,,,1,,,,,,,
1357,29/05/2017,2,F2,PUPA,5,240,,1,,,,16,,,,,,,,,1,,,
1390,30/05/2017,3,F2,PUPA,25,1200,,,,,,9,,,,,3,,,,,,,
1449,30/05/2017,5,F2,PUPA,2,96,,,,,,17,,,,,,,,,,,,
1524,31/05/2017,8,F2,PUPA,15,720,,,,,,,,1,,,,,,,1,,,
1324,29/05/2017,1,F3,PUPA,5,240,,,,,,18,,,,,,,,,,,,
1391,30/05/2017,3,F3,PUPA,17,816,,,,,,12,,,,,,,,,,,,
1419,30/05/2017,4,F3,PUPA,6,288,,,,,,10,,,,,,5,,,,,,
1472,30/05/2017,6,F3,PUPA,14,672,,,,,,18,,,,,,,,,,,,
1525,31/05/2017,8,F3,PUPA,25,1200,,,,,,,,,,,,,,,2,,,
1325,29/05/2017,1,F4,PUPA,14,672,,1,,,,22,,,,,1,,,,,,,
1358,29/05/2017,2,F4,PUPA,2,96,,1,,,,24,,,,,,,,,,,,
1392,30/05/2017,3,F4,PUPA,20,960,,,,,,6,,,,,,,,,2,,,
1420,30/05/2017,4,F4,PUPA,8,384,,,,,,10,,,,,,,2,,6,,,
1526,31/05/2017,8,F4,PUPA,17,816,,,,,,,,,,,,,,,3,,,
1326,29/05/2017,1,F5,PUPA,4,192,,,,,,12,,,,,,,,,,,,
1359,29/05/2017,2,F5,PUPA,6,288,,3,,,,17,,,,,1,,,,,,,
1393,30/05/2017,3,F5,PUPA,7,336,,,,,,3,,,,,2,,,,5,,,
1473,30/05/2017,6,F5,PUPA,6,288,,,,,,15,,,,,,,2,,,,,
1527,31/05/2017,8,F5,PUPA,30,1440,,,,,,,,3,,,,,,,1,,,
1327,29/05/2017,1,F6,PUPA,14,672,,,,,,11,,,,,2,,,,1,,,
1360,29/05/2017,2,F6,PUPA,7,336,,1,,,,15,,,,,,,,,,,,
1394,30/05/2017,3,F6,PUPA,2,96,,,,,,4,,,,,1,,,,7,,,
1421,30/05/2017,4,F6,PUPA,20,960,,,,,,15,,,,,,,2,,2,,,
1450,30/05/2017,5,F6,PUPA,40,1920,,1,,,,12,,,,,,,,3,,,,
1474,30/05/2017,6,F6,PUPA,9,432,,,,,,12,,,,,,,,,1,,,
1528,31/05/2017,8,F6,PUPA,12,576,,,,,,,,,,,,,,,7,,,
1535,7/09/2017,1,A1,SASO,0,0,,,,,,,,,,,,,,,,,,
1571,7/09/2017,2,A1,SASO,0,0,,,,,,,,,,,,,,,,,,
1607,7/09/2017,3,A1,SASO,7,56,,,,,,5,,,,,,,,,,3,,
1643,7/09/2017,4,A1,SASO,0,0,,,,,,,,,,,,,,,,,,
1679,7/09/2017,5,A1,SASO,0,0,,,,,,,,,,,,,,,,,,
1715,7/09/2017,6,A1,SASO,1,8,,,,,,4,,,,,,,,,,2,,
1536,7/09/2017,1,A2,SASO,0,0,,,,,,,,,,,,,,,,,,
1572,7/09/2017,2,A2,SASO,0,0,,,,,,,,,,,,,,,,,,
1608,7/09/2017,3,A2,SASO,3,24,,,,,,3,,,,,,,,,,6,,
1644,7/09/2017,4,A2,SASO,0,0,,,,,,,,,,,,,,,,,,
1680,7/09/2017,5,A2,SASO,0,0,,,,,,,,,,,,,,,,,,
1716,7/09/2017,6,A2,SASO,3,24,,,,,,8,,,,,,,,,,,,
1537,7/09/2017,1,A3,SASO,0,0,,,,,,,,,,,,,,,,,,
1573,7/09/2017,2,A3,SASO,4,32,,,,,,18,,,,,,,,,,,,
1609,7/09/2017,3,A3,SASO,2,16,,,,,,5,,,,,,,,,,5,,
1645,7/09/2017,4,A3,SASO,0,0,,,,,,,,,,,,,,,,,,
1681,7/09/2017,5,A3,SASO,2,16,,,,,,21,,,,,,,,,,,,
1717,7/09/2017,6,A3,SASO,1,8,,,,,,6,,,,,,,,,,5,,
1538,7/09/2017,1,A4,SASO,0,0,,,,,,,,,,,,,,,,,,
1574,7/09/2017,2,A4,SASO,2,16,,,,,,16,,,,,,,,,,,,
1610,7/09/2017,3,A4,SASO,15,120,,,,,,4,,,,,,,,,,2,,
1646,7/09/2017,4,A4,SASO,0,0,,,,,,,,,,,,,,,,,,
1682,7/09/2017,5,A4,SASO,20,160,,,,,,18,,,,,,,,,,,,
1718,7/09/2017,6,A4,SASO,1,8,,,,,,2,,,,,,,,,,,,
1539,7/09/2017,1,A5,SASO,0,0,,,,,,,,,,,,,,,,,,
1575,7/09/2017,2,A5,SASO,0,0,,,,,,,,,,,,,,,,,,
1611,7/09/2017,3,A5,SASO,4,32,,,,,,7,,,,,,,,,,,,
1647,7/09/2017,4,A5,SASO,6,48,,,,,,17,,,,,,,,,,,,
1683,7/09/2017,5,A5,SASO,30,240,,,,,,10,,,,,,,,,,1,,
1719,7/09/2017,6,A5,SASO,1,8,,,,,,3,,,,,,7,,,,,,
1540,7/09/2017,1,A6,SASO,4,32,,,,,,15,,,,,,,,,,2,,
1576,7/09/2017,2,A6,SASO,3,24,,,,,,11,,,,,,,,,,,,
1612,7/09/2017,3,A6,SASO,5,40,,,,,,9,,,,,,,,,,2,,
1648,7/09/2017,4,A6,SASO,0,0,,,,,,,,,,,,,,,,,,
1684,7/09/2017,5,A6,SASO,0,0,,,,,,,,,,,,,,,,,,
1720,7/09/2017,6,A6,SASO,1,8,,,,,,2,,,,,,6,,,,,,
1541,7/09/2017,1,B1,SASO,0,0,,,,,,,,,,,,,,,,,,
1577,7/09/2017,2,B1,SASO,1,8,,,,,,19,,,,,,,,,,,,
1613,7/09/2017,3,B1,SASO,7,56,,,,,,11,,,,,,,,,,1,,
1649,7/09/2017,4,B1,SASO,0,0,,,,,,,,,,,,,,,,,,
1685,7/09/2017,5,B1,SASO,6,48,,,,,,15,,,,,,,,,,,,
1721,7/09/2017,6,B1,SASO,1,8,,,,,,6,,,,,,3,,,,,,
1542,7/09/2017,1,B2,SASO,3,24,,,,,,17,,,,,,,,,,2,,
1578,7/09/2017,2,B2,SASO,2,16,,,,,,17,,,,,,,,,,,,
1614,7/09/2017,3,B2,SASO,4,32,,,,,,9,,,,,,,,,,2,,
1650,7/09/2017,4,B2,SASO,7,56,,,,,,15,,,,,,,,,,,,
1686,7/09/2017,5,B2,SASO,0,0,,,,,,,,,,,,,,,,,,
1722,7/09/2017,6,B2,SASO,0,0,,,,,,,,,,,,,,,,,,
1543,7/09/2017,1,B3,SASO,0,0,,,,,,,,,,,,,,,,,,
1579,7/09/2017,2,B3,SASO,6,48,,,,,,18,,,,,,,,,,,,
1615,7/09/2017,3,B3,SASO,1,8,,,,,,5,,,,,,,,,,3,,
1651,7/09/2017,4,B3,SASO,0,0,,,,,,,,,,,,,,,,,,
1687,7/09/2017,5,B3,SASO,0,0,,,,,,,,,,,,,,,,,,
1723,7/09/2017,6,B3,SASO,0,0,,,,,,,,,,,,,,,,,,
1544,7/09/2017,1,B4,SASO,2,16,,,,,,14,,,,,,,,,,,,
1580,7/09/2017,2,B4,SASO,0,0,,,,,,,,,,,,,,,,,,
1616,7/09/2017,3,B4,SASO,8,64,,,,,,7,,,,,,,,,,2,,
1652,7/09/2017,4,B4,SASO,0,0,,,,,,,,,,,,,,,,,,
1688,7/09/2017,5,B4,SASO,0,0,,,,,,,,,,,,,,,,,,
1724,7/09/2017,6,B4,SASO,1,8,,,,,,12,,,,,,6,,,,,,
1545,7/09/2017,1,B5,SASO,3,24,,,,,,9,,,,,,,,,,1,,
1581,7/09/2017,2,B5,SASO,0,0,,,,,,,,,,,,,,,,,,
1617,7/09/2017,3,B5,SASO,3,24,,,,,,14,,,,,,,,,,,,
1653,7/09/2017,4,B5,SASO,0,0,,,,,,,,,,,,,,,,,,
1689,7/09/2017,5,B5,SASO,30,240,,,,,,9,,,,,,,,,,3,,
1725,7/09/2017,6,B5,SASO,0,0,,,,,,,,,,,,,,,,,,
1546,7/09/2017,1,B6,SASO,0,0,,,,,,,,,,,,,,,,,,
1582,7/09/2017,2,B6,SASO,0,0,,,,,,,,,,,,,,,,,,
1618,7/09/2017,3,B6,SASO,5,40,,,,,,7,,,,,,,,,,3,,
1654,7/09/2017,4,B6,SASO,3,24,,,,,,9,,,,,,,,,,,,
1690,7/09/2017,5,B6,SASO,5,40,,,,,,11,,,,,,,,,,2,,
1726,7/09/2017,6,B6,SASO,1,8,,,,,,3,,,,,,5,,,,,,
1547,7/09/2017,1,C1,SASO,2,16,,,,,,7,,,,,,,,,,,,
1583,7/09/2017,2,C1,SASO,0,0,,,,,,,,,,,,,,,,,,
1619,7/09/2017,3,C1,SASO,14,112,,,,,,5,,,,,,,,,,,,
1655,7/09/2017,4,C1,SASO,5,40,,,,,,14,,,,,,,,,,1,,
1691,7/09/2017,5,C1,SASO,0,0,,,,,,,,,,,,,,,,,,
1727,7/09/2017,6,C1,SASO,1,8,,,,,,7,,,,,,2,,,,,,
1548,7/09/2017,1,C2,SASO,0,0,,,,,,,,,,,,,,,,,,
1584,7/09/2017,2,C2,SASO,0,0,,,,,,,,,,,,,,,,,,
1620,7/09/2017,3,C2,SASO,0,0,,,,,,,,,,,,,,,,,,
1656,7/09/2017,4,C2,SASO,8,64,,,,,,17,,,,,,,,,,,,
1692,7/09/2017,5,C2,SASO,0,0,,,,,,,,,,,,,,,,,,
1728,7/09/2017,6,C2,SASO,1,8,,,,,,6,,,,,,3,,,,,,
1549,7/09/2017,1,C3,SASO,0,0,,,,,,,,,,,,,,,,,,
1585,7/09/2017,2,C3,SASO,3,24,,,,,,11,,,,,,,,,,,,
1621,7/09/2017,3,C3,SASO,0,0,,,,,,,,,,,,,,,,,,
1657,7/09/2017,4,C3,SASO,0,0,,,,,,,,,,,,,,,,,,
1693,7/09/2017,5,C3,SASO,0,0,,,,,,,,,,,,,,,,,,
1729,7/09/2017,6,C3,SASO,0,0,,,,,,,,,,,,,,,,,,
1550,7/09/2017,1,C4,SASO,0,0,,,,,,,,,,,,,,,,,,
1586,7/09/2017,2,C4,SASO,4,32,,,,,,10,,,,,,,,,,,,
1622,7/09/2017,3,C4,SASO,0,0,,,,,,,,,,,,,,,,,,
1658,7/09/2017,4,C4,SASO,2,16,,,,,,11,,,,,,,,,,1,,
1694,7/09/2017,5,C4,SASO,0,0,,,,,,,,,,,,,,,,,,
1730,7/09/2017,6,C4,SASO,1,8,,,,,,3,,,,,,,,,,,,
1551,7/09/2017,1,C5,SASO,0,0,,,,,,,,,,,,,,,,,,
1587,7/09/2017,2,C5,SASO,0,0,,,,,,,,,,,,,,,,,,
1623,7/09/2017,3,C5,SASO,0,0,,,,,,,,,,,,,,,,,,
1659,7/09/2017,4,C5,SASO,0,0,,,,,,,,,,,,,,,,,,
1695,7/09/2017,5,C5,SASO,0,0,,,,,,,,,,,,,,,,,,
1731,7/09/2017,6,C5,SASO,0,0,,,,,,,,,,,,,,,,,,
1552,7/09/2017,1,C6,SASO,0,0,,,,,,,,,,,,,,,,,,
1588,7/09/2017,2,C6,SASO,0,0,,,,,,,,,,,,,,,,,,
1624,7/09/2017,3,C6,SASO,0,0,,,,,,,,,,,,,,,,,,
1660,7/09/2017,4,C6,SASO,0,0,,,,,,,,,,,,,,,,,,
1696,7/09/2017,5,C6,SASO,7,56,,,,,,12,,,,,,,,,,,,
1732,7/09/2017,6,C6,SASO,0,0,,,,,,,,,,,,,,,,,,
1553,7/09/2017,1,D1,SASO,0,0,,,,,,,,,,,,,,,,,,
1589,7/09/2017,2,D1,SASO,0,0,,,,,,,,,,,,,,,,,,
1625,7/09/2017,3,D1,SASO,9,72,,,,,,9,,,,,,,,,,,,
1661,7/09/2017,4,D1,SASO,0,0,,,,,,,,,,,,,,,,,,
1697,7/09/2017,5,D1,SASO,0,0,,,,,,,,,,,,,,,,,,
1733,7/09/2017,6,D1,SASO,2,16,,,,,,10,,,,,,,,,,,,
1554,7/09/2017,1,D2,SASO,0,0,,,,,,,,,,,,,,,,,,
1590,7/09/2017,2,D2,SASO,0,0,,,,,,,,,,,,,,,,,,
1626,7/09/2017,3,D2,SASO,4,32,,,,,,10,,,,,,,,,,,,
1662,7/09/2017,4,D2,SASO,0,0,,,,,,,,,,,,,,,,,,
1698,7/09/2017,5,D2,SASO,0,0,,,,,,,,,,,,,,,,,,
1734,7/09/2017,6,D2,SASO,1,8,,,,,,15,,,,,,,,,,,,
1555,7/09/2017,1,D3,SASO,0,0,,,,,,,,,,,,,,,,,,
1591,7/09/2017,2,D3,SASO,0,0,,,,,,,,,,,,,,,,,,
1627,7/09/2017,3,D3,SASO,0,0,,,,,,,,,,,,,,,,,,
1663,7/09/2017,4,D3,SASO,0,0,,,,,,,,,,,,,,,,,,
1699,7/09/2017,5,D3,SASO,2,16,,,,,,14,,,,,,,,,,4,,
1735,7/09/2017,6,D3,SASO,0,0,,,,,,,,,,,,,,,,,,
1556,7/09/2017,1,D4,SASO,0,0,,,,,,,,,,,,,,,,,,
1592,7/09/2017,2,D4,SASO,4,32,,,,,,17,,,,,,,,,,,,
1628,7/09/2017,3,D4,SASO,2,16,,,,,,15,,,,,,,,,,,,
1664,7/09/2017,4,D4,SASO,20,160,,,,,,10,,,,,,,,,,,,
1700,7/09/2017,5,D4,SASO,3,24,,,,,,12,,,,,,,,,,,,
1736,7/09/2017,6,D4,SASO,0,0,,,,,,,,,,,,,,,,,,
1557,7/09/2017,1,D5,SASO,1,8,,,,,,15,,,,,,,,,,,,
1593,7/09/2017,2,D5,SASO,2,16,,,,,,12,,,,,,,,,,,,
1629,7/09/2017,3,D5,SASO,1,8,,,,,,20,,,,,,,,,,,,
1665,7/09/2017,4,D5,SASO,25,200,,,,,,7,,,,,,,,5,,,,
1701,7/09/2017,5,D5,SASO,4,32,,,,,,11,,,,,,,,,,1,,
1737,7/09/2017,6,D5,SASO,0,0,,,,,,,,,,,,,,,,,,
1558,7/09/2017,1,D6,SASO,6,48,,,,,,9,,,,,,,,,,,,
1594,7/09/2017,2,D6,SASO,0,0,,,,,,,,,,,,,,,,,,
1630,7/09/2017,3,D6,SASO,0,0,,,,,,,,,,,,,,,,,,
1666,7/09/2017,4,D6,SASO,0,0,,,,,,,,,,,,,,,,,,
1702,7/09/2017,5,D6,SASO,8,64,,,,,,5,,,,,,,,,,,,
1738,7/09/2017,6,D6,SASO,0,0,,,,,,,,,,,,,,,,,,
1559,7/09/2017,1,E1,SASO,0,0,,,,,,,,,,,,,,,,,,
1595,7/09/2017,2,E1,SASO,0,0,,,,,,,,,,,,,,,,,,
1631,7/09/2017,3,E1,SASO,0,0,,,,,,,,,,,,,,,,,,
1667,7/09/2017,4,E1,SASO,0,0,,,,,,,,,,,,,,,,,,
1703,7/09/2017,5,E1,SASO,0,0,,,,,,,,,,,,,,,,,,
1739,7/09/2017,6,E1,SASO,1,8,,,,,,4,,,,,,2,,,,3,,
1560,7/09/2017,1,E2,SASO,0,0,,,,,,,,,,,,,,,,,,
1596,7/09/2017,2,E2,SASO,0,0,,,,,,,,,,,,,,,,,,
1632,7/09/2017,3,E2,SASO,0,0,,,,,,,,,,,,,,,,,,
1668,7/09/2017,4,E2,SASO,0,0,,,,,,,,,,,,,,,,,,
1704,7/09/2017,5,E2,SASO,2,16,,,,,,15,,,,,,,,,,3,,
1740,7/09/2017,6,E2,SASO,1,8,,,,,,3,,,,,,5,,,,,,
1561,7/09/2017,1,E3,SASO,0,0,,,,,,,,,,,,,,,,,,
1597,7/09/2017,2,E3,SASO,5,40,,4,,,,17,,,,,,,,,,,,
1633,7/09/2017,3,E3,SASO,0,0,,,,,,,,,,,,,,,,,,
1669,7/09/2017,4,E3,SASO,0,0,,,,,,,,,,,,,,,,,,
1705,7/09/2017,5,E3,SASO,0,0,,,,,,,,,,,,,,,,,,
1741,7/09/2017,6,E3,SASO,1,8,,,,,,7,,,,,,,,,,,,
1562,7/09/2017,1,E4,SASO,0,0,,,,,,,,,,,,,,,,,,
1598,7/09/2017,2,E4,SASO,2,16,,,,,,9,,,,1,,,,,,,,
1634,7/09/2017,3,E4,SASO,0,0,,,,,,,,,,,,,,,,,,
1670,7/09/2017,4,E4,SASO,4,32,,,,,,13,,,,,,,,,,,,
1706,7/09/2017,5,E4,SASO,2,16,,,,,,10,,,,,,,,,,2,,
1742,7/09/2017,6,E4,SASO,0,0,,,,,,,,,,,,,,,,,,
1563,7/09/2017,1,E5,SASO,0,0,,,,,,,,,,,,,,,,,,
1599,7/09/2017,2,E5,SASO,0,0,,,,,,,,,,,,,,,,,,
1635,7/09/2017,3,E5,SASO,0,0,,,,,,,,,,,,,,,,,,
1671,7/09/2017,4,E5,SASO,0,0,,,,,,,,,,,,,,,,,,
1707,7/09/2017,5,E5,SASO,10,80,,,,,,6,,,,,,,,,,1,,
1743,7/09/2017,6,E5,SASO,0,0,,,,,,,,,,,,,,,,,,
1564,7/09/2017,1,E6,SASO,1,8,,,,,,16,,,,,,,,,,,,
1600,7/09/2017,2,E6,SASO,1,8,,,,,,12,,,,,,,,,,,,
1636,7/09/2017,3,E6,SASO,0,0,,,,,,,,,,,,,,,,,,
1672,7/09/2017,4,E6,SASO,0,0,,,,,,,,,,,,,,,,,,
1708,7/09/2017,5,E6,SASO,8,64,,,,,,14,,,,,,,,,,1,,
1744,7/09/2017,6,E6,SASO,0,0,,,,,,,,,,,,,,,,,,
1565,7/09/2017,1,F1,SASO,2,16,,,,,,12,,,,,,,,,,,,
1601,7/09/2017,2,F1,SASO,0,0,,,,,,,,,,,,,,,,,,
1637,7/09/2017,3,F1,SASO,0,0,,,,,,,,,,,,,,,,,,
1673,7/09/2017,4,F1,SASO,0,0,,,,,,,,,,,,,,,,,,
1709,7/09/2017,5,F1,SASO,0,0,,,,,,,,,,,,,,,,,,
1745,7/09/2017,6,F1,SASO,2,16,,,,,,6,,,,,,4,,,,,,
1566,7/09/2017,1,F2,SASO,0,0,,,,,,,,,,,,,,,,,,
1602,7/09/2017,2,F2,SASO,0,0,,,,,,,,,,,,,,,,,,
1638,7/09/2017,3,F2,SASO,0,0,,,,,,,,,,,,,,,,,,
1674,7/09/2017,4,F2,SASO,0,0,,,,,,,,,,,,,,,,,,
1710,7/09/2017,5,F2,SASO,0,0,,,,,,,,,,,,,,,,,,
1746,7/09/2017,6,F2,SASO,0,0,,,,,,,,,,,,,,,,,,
1567,7/09/2017,1,F3,SASO,0,0,,,,,,,,,,,,,,,,,,
1603,7/09/2017,2,F3,SASO,0,0,,,,,,,,,,,,,,,,,,
1639,7/09/2017,3,F3,SASO,0,0,4,,,,,17,,,,,,,,,,,,
1675,7/09/2017,4,F3,SASO,0,0,,,,,,,,,,,,,,,,,,
1711,7/09/2017,5,F3,SASO,0,0,,,,,,,,,,,,,,,,,,
1747,7/09/2017,6,F3,SASO,2,16,,,,,,12,,,,,,,,,,,,
1568,7/09/2017,1,F4,SASO,1,8,,,,,,14,,,,,,,,,,,,
1604,7/09/2017,2,F4,SASO,0,0,,,,,,,,,,,,,,,,,,
1640,7/09/2017,3,F4,SASO,0,0,4,,,,,15,,,,,,,,,,,,
1676,7/09/2017,4,F4,SASO,0,0,,,,,,,,,,,,,,,,,,
1712,7/09/2017,5,F4,SASO,0,0,,,,,,,,,,,,,,,,,,
1748,7/09/2017,6,F4,SASO,0,0,,,,,,,,,,,,,,,,,,
1569,7/09/2017,1,F5,SASO,1,8,,,,,,16,,,,,,,,,,,,
1605,7/09/2017,2,F5,SASO,0,0,,,,,,,,,,,,,,,,,,
1641,7/09/2017,3,F5,SASO,0,0,,,,,,,,,,,,,,,,,,
1677,7/09/2017,4,F5,SASO,0,0,,,,,,,,,,,,,,,,,,
1713,7/09/2017,5,F5,SASO,0,0,,,,,,,,,,,,,,,,,,
1749,7/09/2017,6,F5,SASO,0,0,,,,,,,,,,,,,,,,,,
1570,7/09/2017,1,F6,SASO,0,0,,,,,,,,,,,,,,,,,,
1606,7/09/2017,2,F6,SASO,21,168,,5,,,,7,,,,,,,,,,,,
1642,7/09/2017,3,F6,SASO,0,0,,,,,,,,,,,,,,,,,,
1678,7/09/2017,4,F6,SASO,0,0,,,,,,,,,,,,,,,,,,
1714,7/09/2017,5,F6,SASO,5,40,,,,,,6,,,,,,,,,,2,,
1750,7/09/2017,6,F6,SASO,0,0,,,,,,,,,,,,,,,,,,
140,5/04/2017,3,A1,SCLA,1,33,,,,,,,1,,,,,,,,,,,
145,5/04/2017,3,A3,SCLA,2,66,,,1,,,,2,,,,,,,,,,,
216,7/04/2017,3,A3,SCLA,2,66,,,,2,,,1,,,,,,,,,,,
148,5/04/2017,3,A4,SCLA,1,33,,,1,,,,1,,,,,,,,,,,
151,5/04/2017,3,A5,SCLA,1,33,,,,1,,,,,,,,,,,,,1,
78,5/04/2017,2,A6,SCLA,2,66,,,,,,,2,,,,,,,,,,1,
129,7/04/2017,2,A6,SCLA,1,33,,,,,,,,,,,,,,,,,2,
130,7/04/2017,2,A6,SCLA,2,66,,,,,,,1,,,,,,,,,,,
85,5/04/2017,2,B4,SCLA,1,33,1,,,,,,,,,,,,,,,,1,
162,5/04/2017,3,B4,SCLA,1,33,,,,,,,,,,,,,,,,,,
165,5/04/2017,3,B5,SCLA,2,66,,,,,,,,,,,,,,,,,1,
217,7/04/2017,3,B5,SCLA,2,66,,,2,,,,2,,,,,,,,,,1,
168,5/04/2017,3,B6,SCLA,1,33,,,1,,,,1,,,,,,,,,,1,
218,7/04/2017,3,B6,SCLA,2,66,,,,,,,1,,,,,,,,,,,
171,5/04/2017,3,C1,SCLA,1,33,,,1,2,,,1,,,,,,,,,,,
176,5/04/2017,3,C3,SCLA,1,33,,,1,,,,4,,,,,,,,,,,
93,5/04/2017,2,C4,SCLA,1,33,,,,,,,3,,,,,1,,,,,1,
181,5/04/2017,3,C5,SCLA,1,33,,,,,,,2,,,,,2,,,,,1,
96,5/04/2017,2,C6,SCLA,1,33,,,,,,,1,,,,,,,,,,1,
132,7/04/2017,2,C6,SCLA,1,33,,,,,,,2,,,,,,,,,,,
184,5/04/2017,3,D1,SCLA,1,33,,,,,,,1,,,,,,,,,,,
103,5/04/2017,2,D3,SCLA,4,132,,,1,,,,,,,,,,2,,,,3,
42,5/04/2017,1,D4,SCLA,1,33,,,1,,,,2,,,,,,,,,,,
193,5/04/2017,3,D5,SCLA,2,66,,,,,,,3,,,,,,,,,,,
197,5/04/2017,3,E1,SCLA,1,33,,,,,,,1,,,,,,,,,,,
114,5/04/2017,2,E4,SCLA,1,33,,,,,,,3,,,,,,,,,,2,
134,7/04/2017,2,E4,SCLA,1,33,,,,,,,3,,,,,,,,,,,
117,5/04/2017,2,E5,SCLA,1,33,,,,,,,1,,,1,,,,,,,,
135,7/04/2017,2,E5,SCLA,1,33,,1,,,,,2,,,,,,,,,,,
126,5/04/2017,2,F5,SCLA,2,66,,,,,,3,1,,,,,,,,,,,
128,5/04/2017,2,F6,SCLA,2,66,,,,,,,1,,,,,,,,,,2,
137,7/04/2017,2,F6,SCLA,2,66,,,,,,,,,,,,,,,,,2,
955,9/05/2017,4,A6,SPRU,30,1500,,,,,,14,,,,,,,2,,,,,7
962,9/05/2017,5,B2,SPRU,19,950,,,,,,4,,,,,,,1,,,,,
956,9/05/2017,4,B4,SPRU,35,1750,,,,,,2,,,,,,2,,,,,,
963,9/05/2017,5,C2,SPRU,45,2250,,,,,,6,2,,,,,,2,,,,,
964,9/05/2017,5,C4,SPRU,36,1800,,,,,,7,,,,,,1,,,,,,
957,9/05/2017,4,D6,SPRU,20,1000,,,,,,6,,,,,,,,,,,,1
958,9/05/2017,4,E2,SPRU,48,2400,,,,,,2,,,,,,1,3,,,,,
965,9/05/2017,5,E3,SPRU,12,600,,,,,,9,,,,,,,,,,,,1
959,9/05/2017,4,E6,SPRU,60,3000,,,,,,4,1,,,,,,,,,,,4
960,9/05/2017,4,F4,SPRU,21,1050,,,,,,6,,,,,,3,2,,,,,7
961,9/05/2017,4,F5,SPRU,8,400,,,,,,9,,,,,,,2,,,,,
966,9/05/2017,5,F5,SPRU,29,1450,,,,,,5,1,,,,,,1,,,,,5
